DAY	PRES.FIELD
1	44032
1.88906002	45721
4.111720085	45306
9.668359756	45462
23.55999947	43956
31	44032
49.60010147	44105
61	44032
89.49980164	42093
92	43738
98.25060272	43014
113.8769989	45230
123	43640
145.8070068	43966
151	43542
163.9819946	43393
182	43542
212	43640
243	43247
272	41690
272.8999939	43326
273	43345
273.25	43414
273.8999939	44350
274	43280
274.25	44434
274.875	43592
276.4379883	44796
280.3439941	42630
290.1090088	42365
304	43247
335	43247
364.8999939	42399
365	43051
365.25	42138
365.875	44369
367.4379883	42128
371.3439941	41540
381.1090088	41859
396	42757
425	41014
425.8999939	43632
426	42561
426.25	41628
426.8999939	43912
427	41161
427.25	43356
427.875	43146
429.4379883	42898
433.3439941	42541
443.1090088	41476
457	42463
488	42561
515.9000244	41028
516	42365
516.25	42689
516.9000244	41984
517	42561
517.25	41895
517.875	42817
519.4379883	43022
523.3439941	42696
533.1090088	43182
547	42267
577	42463
608	42365
638	42365
669	42169
700	42267
729.9000244	42402
730	42071
730.25	43203
730.875	41006
732.4379883	42347
736.3439941	40783
746.1090088	43327
761	42071
791	42169
821.9000244	44070
822	42561
822.25	41184
822.875	44079
824.4379883	42002
828.3439941	43723
838.1090088	40996
853	42267
881	42267
912	42463
942	42463
973	42267
1003	42267
1034	42659
1065	42463
1094.900024	42746
1095	42757
1095.25	42165
1095.880005	40772
1097.439941	41791
1101.339966	41855
1111.109985	42697
1126	42463
1156	42365
1186.900024	41733
1187	42561
1187.25	41650
1187.880005	42195
1189.439941	40819
1193.339966	41430
1203.109985	40866
1218	42169
1246	40641
1246.900024	40718
1247	42365
1247.25	43822
1247.880005	42259
1249.439941	43094
1253.339966	41319
1263.109985	43611
1277.900024	42817
1278	42169
1278.25	43987
1278.880005	41766
1280.439941	41479
1284.339966	42764
1294.109985	43960
1307.900024	43620
1308	42071
1308.25	42232
1308.880005	41249
1310.439941	42565
1314.339966	42931
1324.109985	41157
1338.900024	40180
1339	41482
1339.25	43502
1339.880005	43346
1341.439941	42445
1345.339966	41205
1355.109985	41960
1368.900024	42024
1369	40796
1369.25	39962
1369.880005	40294
1371.439941	40758
1375.339966	41998
1385.109985	41128
1399.900024	39912
1400	39619
1400.25	39517
1400.880005	40975
1402.439941	39813
1406.339966	39548
1407.319946	41325
1408.349976	41262
1409.420044	41002
1410.550049	39356
1411.73999	42217
1414.709961	41075
1415.449951	38915
1416.22998	39968
1417.050049	40240
1417.910034	40473
1418.810059	42027
1421.060059	40080
1426.699951	38863
1430.900024	40848
1431	39521
1431.25	40433
1431.880005	41505
1433.439941	40048
1437.339966	38128
1437.73999	41019
1438.160034	38886
1438.599976	41330
1439.060059	39714
1439.540039	41008
1440.75	38431
1443.77002	41064
1446.890015	40953
1450.089966	39275
1451.699951	39862
1455.709961	37886
1457.310059	38724
1460.900024	39691
1461	37854
1461.25	39186
1461.880005	39206
1463.439941	38365
1467.339966	39811
1469.300049	39854
1469.790039	40308
1470.300049	40482
1470.839966	37951
1471.400024	37763
1471.98999	37709
1473.47998	39111
1475	37266
1478.800049	39396
1479.75	37447
1480.73999	40132
1481.790039	38542
1482.890015	38937
1484.040039	39936
1484.619995	38833
1486.060059	38577
1486.640015	38048
1488.079956	39971
1491.689941	39244
1491.900024	37325
1491.910034	39270
1491.920044	36723
1491.930054	36880
1491.939941	39322
1491.959961	38782
1492	38148
1492.099976	37892
1492.130005	37269
1492.180054	37780
1492.310059	36962
1492.640015	38816
1492.689941	37384
1492.819946	39083
1493.140015	39702
1493.959961	37212
1494.069946	38820
1494.339966	36844
1495.030029	38755
1495.140015	36823
1495.410034	39298
1496.099976	39737
1496.300049	39367
1496.800049	38098
1498.050049	39239
1498.199951	39987
1498.579956	39968
1499.51001	36696
1499.72998	37284
1500.25	39241
1500.390015	37048
1500.530029	39979
1500.689941	38587
1500.869995	39277
1501.01001	36925
1501.359985	36518
1502.25	39140
1502.349976	39447
1502.619995	37189
1503.280029	38680
1503.410034	38070
1503.76001	39347
1504.609985	37920
1504.76001	39072
1505.119995	38621
1505.209961	38310
1505.310059	38969
1505.420044	39174
1505.540039	38966
1505.670044	38994
1506	39760
1506.089966	38036
1506.180054	39068
1506.280029	39476
1506.390015	39811
1506.51001	37448
1506.819946	39753
1507.589966	38460
1507.73999	37458
1508.140015	39142
1508.22998	38615
1508.339966	38836
1508.459961	36924
1508.589966	37804
1508.72998	37036
1509.089966	36752
1509.969971	36519
1510.089966	37863
1510.380005	38438
1511.099976	39453
1511.180054	37810
1511.380005	39108
1511.890015	39382
1513.170044	39785
1513.280029	38463
1513.560059	39654
1514.26001	38041
1514.380005	36520
1514.699951	39167
1515.51001	37157
1515.650024	37244
1516.02002	37019
1516.170044	37434
1516.530029	37989
1516.670044	39179
1517.030029	38707
1517.930054	37128
1518.089966	38793
1518.47998	39143
1518.579956	39154
1518.680054	36444
1518.790039	36891
1518.910034	38196
1519.040039	37719
1519.369995	39738
1520.199951	38898
1520.319946	38621
1520.640015	36322
1520.819946	38238
1521.300049	38065
1521.449951	37975
1521.849976	37285
1521.900024	36912
1521.910034	39145
1521.920044	37351
1521.930054	36822
1521.939941	38283
1521.969971	38895
1522	37069
1522.079956	36301
1522.089966	39009
1522.119995	39370
1522.189941	38902
1522.209961	36437
1522.22998	38037
1522.25	37731
1522.280029	37536
1522.300049	38531
1522.359985	38220
1522.51001	37920
1522.530029	39208
1522.599976	37319
1522.75	38307
1522.780029	38872
1522.849976	39141
1523.030029	37050
1523.050049	37043
1523.089966	37799
1523.199951	39657
1523.47998	39164
1523.52002	37170
1523.640015	37860
1523.939941	37884
1523.98999	37236
1524.109985	38788
1524.430054	39557
1524.48999	36247
1524.650024	37892
1525.040039	36779
1525.089966	38498
1525.209961	36570
1525.52002	37851
1525.589966	37788
1525.77002	38998
1525.869995	36303
1526.119995	36694
1526.180054	37608
1526.25	37915
1526.329956	39302
1526.410034	38167
1526.47998	37532
1526.660034	36261
1526.73999	37738
1526.949951	36490
1527.01001	38497
1527.069946	36834
1527.130005	38622
1527.199951	37683
1527.280029	39645
1527.469971	36477
1527.959961	39411
1528.060059	36653
1528.300049	38866
1528.890015	37616
1529	38750
1529.26001	37302
1529.920044	37629
1530.089966	37807
1530.52002	37248
1530.77002	38073
1531.400024	37609
1531.560059	39227
1531.72998	37867
1531.890015	39297
1532.069946	37463
1532.27002	37465
1532.76001	39096
1533.98999	38860
1534.150024	38657
1534.550049	38528
1535.560059	38977
1535.709961	38661
1536.069946	38026
1536.98999	37548
1537.189941	37690
1537.699951	36962
1537.829956	36174
1537.969971	37446
1538.130005	38250
1538.300049	38002
1538.48999	36985
1538.959961	38070
1539.079956	37752
1539.209961	36348
1539.359985	38587
1539.51001	39414
1539.689941	38483
1540.119995	36200
1541.219971	36266
1541.329956	38476
1541.630005	38533
1542.369995	39260
1542.459961	36662
1542.680054	37220
1543.23999	36539
1543.319946	37744
1543.530029	37830
1544.060059	37872
1544.180054	38457
1544.48999	36998
1544.569946	37160
1544.660034	39168
1544.75	38432
1544.859985	37058
1544.969971	36894
1545.26001	36684
1545.469971	38017
1546	37235
1546.140015	39304
1546.280029	37702
1546.449951	37043
1546.589966	36102
1546.76001	38932
1547.170044	38620
1547.420044	37002
1547.619995	38911
1548.140015	37383
1548.26001	37428
1548.410034	36618
1548.560059	37414
1548.72998	38345
1548.920044	38798
1549.400024	38495
1550.589966	36072
1550.819946	39341
1551.410034	39060
1551.560059	37884
1551.719971	36691
1551.890015	36897
1552.069946	39290
1552.209961	38479
1552.560059	37642
1552.900024	38325
1552.910034	37130
1552.920044	36721
1552.930054	37155
1552.939941	38977
1552.97998	36578
1553	37461
1553.060059	37784
1553.209961	37278
1553.22998	37125
1553.27002	36234
1553.380005	37910
1553.410034	37320
1553.48999	38319
1553.680054	36222
1553.719971	37390
1553.839966	36109
1554.140015	36978
1554.219971	36249
1554.400024	36290
1554.869995	37143
1554.959961	36931
1555.160034	37998
1555.680054	37702
1555.75	36553
1555.930054	38229
1556.369995	37039
1556.439941	37151
1556.609985	38117
1557.030029	37184
1557.099976	36201
1557.280029	39330
1557.709961	38537
1557.819946	38713
1558.069946	37087
1558.699951	37653
1558.800049	37753
1559.02002	39158
1559.579956	39243
1559.709961	36664
1560.01001	37947
1560.76001	38144
1560.880005	35991
1561.189941	37074
1561.27002	38419
1561.359985	36443
1561.449951	38076
1561.550049	36892
1561.670044	38712
1561.949951	36368
1562.109985	36456
1562.52002	39246
1562.689941	38912
1563.130005	38058
1563.26001	36370
1563.579956	37265
1563.660034	38456
1563.75	38340
1563.839966	36467
1563.949951	36612
1564.069946	38854
1564.359985	37501
1565.099976	38975
1565.23999	35944
1565.599976	36773
1566.48999	36201
1566.630005	38667
1566.969971	37899
1567.839966	37063
1567.98999	37850
1568.390015	38916
1569.369995	36225
1569.51001	37005
1569.880005	38852
1570.119995	37608
1570.73999	38258
1570.900024	36744
1571.300049	36724
1572.290039	38535
1572.449951	35907
1572.829956	35947
1573.800049	35937
1574	37683
1574.5	37533
1575.75	36507
1575.959961	36186
1576.51001	36190
1576.790039	36250
1577.47998	38109
1577.810059	39039
1578.040039	38416
1578.609985	38628
1578.880005	38451
1579.569946	38389
1579.73999	37023
1579.930054	36204
1580.140015	38379
1580.319946	35803
1580.52002	36056
1581.02002	37963
1581.140015	36975
1581.280029	35921
1581.430054	39020
1581.589966	36598
1581.76001	36641
1581.939941	35961
1582.390015	37967
1583.51001	35780
1583.780029	36169
1583.900024	37281
1584	37265
1584.030029	37445
1584.050049	38965
1584.079956	36268
1584.119995	36371
1584.150024	38615
1584.25	38970
1584.47998	37140
1584.530029	38582
1584.599976	36279
1584.670044	39157
1584.75	38108
1584.829956	38931
1585.040039	37167
1585.099976	38576
1585.160034	35975
1585.219971	36919
1585.290039	37756
1585.369995	37517
1585.569946	37091
1586.060059	39016
1586.180054	36626
1586.319946	36353
1586.469971	36259
1586.630005	38069
1586.810059	39163
1587.27002	36056
1587.380005	36771
1587.51001	36579
1587.640015	36239
1587.780029	37361
1587.920044	36096
1588.280029	35763
1588.540039	36511
1589.160034	38481
1589.319946	36650
1589.400024	38796
1589.47998	37866
1589.560059	37703
1589.650024	37545
1589.849976	36371
1590.369995	36918
1590.680054	36351
1590.930054	38904
1591.560059	37929
1591.920044	37988
1592.01001	36111
1592.109985	37521
1592.209961	37140
1592.329956	36333
1592.459961	38159
1592.790039	35876
1592.869995	37386
1592.959961	38199
1593.060059	37382
1593.170044	38726
1593.300049	36755
1593.599976	38365
1593.670044	37307
1593.76001	36315
1593.849976	38210
1593.949951	37849
1594.060059	36212
1594.339966	37989
1595.040039	38010
1595.380005	38697
1595.459961	37979
1595.550049	38052
1595.650024	37764
1595.77002	37552
1595.890015	36256
1596.199951	38126
1596.27002	35675
1596.359985	39042
1596.449951	36341
1596.560059	37716
1596.670044	35893
1596.949951	36514
1597.660034	37383
1597.839966	35682
1598.040039	38651
1598.25	37587
1598.359985	38680
1598.47998	35846
1598.76001	37127
1598.829956	37080
1598.910034	37755
1598.98999	36611
1599.089966	38176
1599.189941	38805
1599.459961	38943
1600.109985	36023
1600.280029	36149
1600.459961	36977
1600.650024	38372
1600.869995	37557
1601.099976	36295
1601.680054	37394
1601.819946	36472
1601.97998	38260
1602.160034	39038
1602.349976	37087
1602.560059	38782
1603.089966	38610
1603.22998	35649
1603.369995	35603
1603.540039	35771
1603.709961	37361
1603.910034	37424
1604.400024	38677
1604.72998	38392
1605.550049	35794
1605.780029	36528
1606.359985	37166
1606.5	36652
1606.660034	36160
1606.839966	38153
1607.030029	35900
1607.23999	36394
1607.780029	36464
1608.040039	36476
1608.099976	36900
1608.180054	38855
1608.25	37939
1608.339966	37587
1608.439941	35759
1608.680054	37501
1609.290039	37666
1609.439941	36187
1609.599976	37746
1609.790039	36932
1609.98999	37454
1610.199951	35549
1610.72998	38076
1610.849976	35598
1610.97998	37068
1611.119995	37756
1611.280029	35569
1611.449951	35695
1611.900024	37019
1611.910034	36803
1611.920044	35888
1611.930054	38126
1611.949951	38434
1611.98999	35899
1612	36579
1612.02002	38427
1612.060059	37912
1612.160034	35807
1612.170044	37694
1612.209961	38333
1612.300049	35878
1612.329956	36485
1612.349976	38936
1612.380005	37265
1612.410034	37619
1612.449951	37161
1612.540039	36326
1612.75	36508
1612.790039	38822
1612.869995	37034
1613.089966	37032
1613.640015	36651
1613.689941	38601
1613.810059	37223
1614.130005	36416
1614.189941	35728
1614.339966	37378
1614.709961	37049
1614.780029	38511
1614.939941	37331
1615.339966	38062
1615.439941	35683
1615.550049	38297
1615.670044	38586
1615.780029	36069
1615.890015	37701
1616.170044	35901
1616.310059	37519
1616.650024	37880
1616.73999	36257
1616.839966	38514
1616.939941	37342
1617.060059	37423
1617.189941	38343
1617.51001	36538
1617.589966	36454
1617.670044	35545
1617.77002	36301
1617.880005	36915
1617.98999	38843
1618.26001	36919
1618.410034	37994
1618.810059	35806
1618.900024	38920
1619.01001	38704
1619.130005	38167
1619.26001	38454
1619.410034	36694
1619.77002	38407
1619.859985	38379
1619.959961	36525
1620.069946	36337
1620.189941	36215
1620.329956	35836
1620.660034	35740
1620.73999	35663
1620.839966	37100
1620.939941	35816
1621.050049	36661
1621.170044	38827
1621.47998	36721
1621.560059	37713
1621.650024	37532
1621.73999	38024
1621.839966	37423
1621.959961	38593
1622.23999	38132
1622.959961	35713
1623.209961	36137
1623.859985	38857
1624.02002	35633
1624.199951	36526
1624.390015	35584
1624.609985	38561
1624.800049	35858
1625.27002	35512
1625.52002	38764
1626.160034	38259
1626.310059	38764
1626.680054	36783
1627.609985	38122
1627.780029	38082
1628.209961	37983
1628.310059	38373
1628.430054	38603
1628.560059	37603
1628.699951	36552
1628.859985	37012
1629.26001	38023
1629.359985	36298
1629.469971	38219
1629.589966	38594
1629.719971	38504
1629.869995	36952
1630.22998	37537
1630.469971	38066
1631.069946	35876
1631.219971	36641
1631.380005	36911
1631.569946	35524
1631.77002	35446
1631.939941	38147
1632.369995	35961
1632.609985	38394
1633.219971	38143
1633.369995	38840
1633.530029	36149
1633.719971	36493
1633.920044	38813
1634.099976	35619
1634.569946	35731
1634.689941	37668
1634.819946	35879
1634.959961	38703
1635.119995	36081
1635.280029	37458
1635.680054	38544
1635.780029	37973
1635.890015	38234
1636.01001	38633
1636.140015	37409
1636.290039	36489
1636.650024	36502
1636.73999	38652
1636.839966	36009
1636.959961	35854
1637.079956	36836
1637.209961	37445
1637.550049	36391
1638.400024	36598
1638.630005	38441
1639.209961	37481
1639.530029	36708
1639.599976	38599
1639.689941	36696
1639.790039	38780
1639.890015	37482
1640.01001	38393
1640.300049	35588
1641.02002	38559
1641.300049	36806
1642	35409
1642.900024	36984
1643	37559
1643.01001	35910
1643.040039	35893
1643.109985	38057
1643.130005	38585
1643.150024	36213
1643.170044	35422
1643.199951	38306
1643.219971	36690
1643.290039	37195
1643.449951	37065
1643.859985	36902
1643.900024	37744
1643.97998	36987
1644.189941	36096
1644.699951	37728
1644.810059	37634
1645.099976	37349
1645.170044	37491
1645.25	35446
1645.339966	37555
1645.430054	35961
1645.530029	37032
1645.76001	36298
1646.359985	36059
1646.439941	37342
1646.650024	36079
1647.180054	38753
1647.23999	35488
1647.400024	37720
1647.810059	38447
1648.819946	37153
1648.900024	37324
1649.099976	38266
1649.599976	37516
1649.72998	38062
1649.869995	35437
1650.02002	36560
1650.189941	37013
1650.369995	36553
1650.810059	36290
1651.02002	37059
1651.540039	37076
1652.849976	35611
1653.01001	38410
1653.410034	37021
1653.680054	37718
1654.329956	37115
1654.47998	36708
1654.859985	35985
1655.819946	36715
1655.97998	36532
1656.380005	38078
1657.380005	38726
1657.51001	38197
1657.839966	37113
1658.650024	37643
1658.810059	38360
1659.22998	37318
1659.329956	36563
1659.449951	35454
1659.569946	35428
1659.709961	38135
1659.869995	37727
1660.25	37504
1660.47998	38664
1661.040039	38330
1661.300049	38228
1661.959961	38219
1662.27002	36782
1663.069946	37597
1663.22998	36380
1663.650024	35641
1664.689941	36240
1664.930054	37897
1665.530029	35795
1665.680054	37623
1665.829956	36715
1666	36622
1666.170044	37773
1666.359985	38358
1666.819946	37695
1667.98999	37333
1668.23999	38232
1668.869995	36289
1669.02002	37198
1669.199951	37801
1669.390015	37321
1669.599976	35351
1669.819946	35685
1670.369995	35698
1670.630005	35797
1671.290039	37958
1671.48999	35726
1672	36374
1672.310059	36137
1672.900024	37639
1673	37069
1673.01001	36824
1673.030029	38463
1673.099976	37408
1673.25	38206
1673.280029	37613
1673.359985	38642
1673.540039	37104
1673.609985	35613
1673.790039	36169
1674.219971	37114
1674.280029	36106
1674.420044	37678
1674.77002	38207
1674.839966	36207
1675	37016
1675.400024	38265
1675.449951	36924
1675.599976	36478
1675.959961	36811
1676.040039	38618
1676.23999	36713
1676.73999	35581
1676.819946	36138
1677.01001	36285
1677.47998	38153
1677.589966	37811
1677.859985	36361
1677.930054	37078
1678	37139
1678.089966	38632
1678.180054	38585
1678.280029	37039
1678.530029	36876
1678.650024	38278
1678.949951	38610
1679.030029	36879
1679.109985	35645
1679.199951	35433
1679.300049	35364
1679.420044	37416
1679.699951	36414
1680.390015	35963
1680.48999	36317
1680.73999	35976
1681.349976	36504
1681.439941	36403
1681.660034	36208
1682.209961	38223
1682.359985	37513
1682.73999	38427
1682.829956	37536
1682.930054	38632
1683.030029	38062
1683.150024	37758
1683.280029	36649
1683.609985	36541
1683.689941	37622
1683.780029	36421
1683.869995	35351
1683.97998	38540
1684.089966	37579
1684.380005	35323
1685.089966	37212
1685.23999	36274
1685.630005	37266
1685.869995	37805
1686.050049	36101
1686.51001	38668
1686.670044	36335
1687.079956	35435
1687.310059	37918
1687.880005	36789
1688.030029	36412
1688.410034	38133
1689.359985	37503
1689.530029	36049
1689.969971	38002
1690.189941	35462
1690.73999	38520
1690.910034	37049
1691.359985	36903
1691.469971	36877
1691.589966	38305
1691.72998	37451
1691.869995	36395
1692.040039	38693
1692.449951	37716
1693.469971	37857
1693.650024	36929
1694.089966	37368
1695.180054	37996
1695.339966	37964
1695.73999	35382
1695.949951	35564
1696.459961	38577
1696.719971	36390
1697.380005	37490
1697.52002	35343
1697.869995	37449
1698.75	37439
1698.969971	35602
1699.199951	36280
1699.410034	37189
1699.630005	37378
1699.869995	35809
1700.449951	36047
1700.719971	37520
1700.790039	38670
1700.869995	35555
1700.949951	35900
1701.040039	37280
1701.140015	37462
1701.390015	36642
1701.449951	37042
1701.52002	36938
1701.599976	36003
1701.680054	35759
1701.780029	38502
1702.01001	38620
1702.589966	37314
1702.849976	35391
1703.5	36985
1703.72998	37040
1703.900024	37707
1704	36383
1704.25	38695
1704.880005	36707
1705.140015	36148
1705.790039	38294
1705.949951	36411
1706.130005	37296
1706.310059	37956
1706.51001	36749
1706.689941	36378
1707.150024	36743
1708.290039	35916
1708.630005	38421
1709.469971	36219
1709.650024	36933
1710.099976	35639
1711.22998	36461
1711.420044	37774
1711.890015	37589
1713.079956	36314
1713.339966	35373
1714.01001	35818
1714.310059	36605
1715.060059	37061
1715.319946	37346
1715.949951	37853
1716.25	35910
1716.969971	37706
1717.209961	35441
1717.819946	35412
1718.180054	37324
1719.089966	37331
1719.359985	37954
1720.02002	38193
1721.670044	36467
1721.869995	35823
1722.369995	38046
1723.609985	36637
1723.900024	35638
1724.619995	37844
1724.890015	37305
1725.569946	38022
1725.790039	35971
1726.349976	35521
1726.48999	35555
1726.640015	36275
1726.810059	36274
1726.98999	38230
1727.199951	36818
1727.709961	38228
1728.050049	36099
1728.900024	36300
1731.01001	38074
1731.23999	35963
1731.810059	37569
1733.23999	35594
1733.439941	37320
1733.900024	38315
1733.910034	37471
1733.920044	35671
1733.930054	35731
1733.939941	38257
1733.969971	37743
1734	36775
1734.069946	37721
1734.089966	38078
1734.130005	36631
1734.219971	35457
1734.449951	38418
1734.48999	36338
1734.579956	36259
1734.810059	38491
1735.390015	37365
1735.51001	38411
1735.800049	37678
1735.920044	36021
1736.209961	38518
1736.930054	36316
1737.150024	36739
1737.680054	36305
1737.810059	36815
1737.939941	36354
1738.069946	36124
1738.219971	35888
1738.390015	37989
1738.800049	36261
1739.040039	37931
1739.619995	37227
1739.77002	35861
1739.930054	36110
1740.109985	37179
1740.300049	38408
1740.430054	37845
1740.77002	38647
1740.859985	37356
1740.949951	37729
1741.050049	35523
1741.170044	38089
1741.290039	36485
1741.599976	36163
1741.680054	38331
1741.77002	36065
1741.859985	38500
1741.969971	35730
1742.079956	37220
1742.369995	36298
1743.089966	37629
1743.339966	38361
1743.97998	36985
1744.26001	36811
1744.959961	35782
1745.290039	36273
1746.130005	36847
1746.339966	36438
1746.569946	37567
1746.790039	38089
1747.030029	37407
1747.280029	37129
1747.900024	37290
1748.050049	36737
1748.189941	35423
1748.339966	38120
1748.51001	38312
1748.689941	37586
1749.140015	37876
1750.280029	36571
1750.410034	35927
1750.75	37437
1750.829956	36336
1750.920044	38669
1751.02002	35778
1751.140015	35709
1751.26001	38550
1751.569946	35856
1751.670044	36692
1751.930054	36030
1752.589966	36574
1752.719971	35675
1753.060059	37389
1753.150024	36973
1753.23999	37353
1753.339966	38292
1753.459961	35525
1753.550049	37772
1753.800049	35613
1754.420044	36191
1754.48999	36848
1754.670044	36694
1755.119995	36367
1755.189941	37993
1755.369995	35610
1755.810059	37121
1755.930054	36089
1756.22998	38478
1756.430054	36031
1756.939941	35502
1757.069946	36483
1757.209961	36206
1757.310059	36586
1757.430054	35943
1757.560059	35665
1757.890015	35485
1758.699951	37319
1758.790039	37048
1759.040039	36326
1759.640015	35366
1759.75	36456
1760.01001	36283
1760.660034	38479
1760.719971	36832
1760.859985	36810
1761.22998	37027
1761.300049	38475
1761.48999	35611
1761.589966	38117
1761.849976	35864
1761.910034	37890
1761.97998	35835
1762.060059	37267
1762.109985	36980
1762.170044	38456
1762.319946	37966
1762.359985	36365
1762.400024	37077
1762.449951	38353
1762.5	37391
1762.550049	38354
1762.689941	35367
1763.040039	38561
1763.910034	36488
1764.079956	38283
1764.52002	35665
1764.900024	37826
1764.910034	36742
1764.920044	36605
1764.939941	37165
1764.97998	36272
1765	36579
1765.060059	36745
1765.199951	35547
1765.219971	38474
1765.27002	35864
1765.390015	36955
1765.410034	38275
1765.47998	36485
1765.660034	37324
1765.699951	37387
1765.790039	35780
1766.030029	35663
1766.079956	35470
1766.150024	36354
1766.209961	35951
1766.27002	37681
1766.329956	38349
1766.47998	36231
1766.859985	36444
1766.920044	37865
1767.050049	35547
1767.369995	37441
1767.430054	37681
1767.579956	35758
1767.949951	36397
1768.02002	36471
1768.199951	37301
1768.640015	37300
1768.699951	36456
1768.849976	37954
1768.949951	37046
1769.199951	37760
1769.290039	36266
1769.52002	38347
1770.089966	35993
1770.160034	37848
1770.339966	37040
1770.790039	37267
1770.900024	37914
1771.150024	36334
1771.790039	36855
1771.869995	35918
1772.079956	36357
1772.599976	35334
1772.689941	37906
1772.930054	38477
1773.52002	38427
1773.670044	35469
1774.060059	37669
1774.209961	36761
1774.569946	38256
1774.660034	35851
1774.76001	35503
1774.869995	38083
1774.97998	36068
1775.089966	38559
1775.359985	37850
1776.030029	38578
1776.140015	37428
1776.400024	38186
1777.040039	38450
1777.170044	36332
1777.48999	35387
1777.569946	38170
1777.660034	35701
1777.75	36820
1777.859985	38198
1777.97998	35924
1778.27002	35725
1778.390015	36908
1778.689941	36009
1779.430054	36454
1779.579956	37130
1779.939941	35482
1780.170044	36387
1780.73999	38448
1780.869995	36463
1781.189941	37730
1781.329956	36675
1781.650024	36744
1781.869995	36871
1782.400024	37221
1782.640015	38462
1783.25	38528
1783.430054	38533
1783.880005	36590
1784.050049	37653
1784.459961	37021
1784.560059	37677
1784.670044	36270
1784.800049	35395
1784.930054	37302
1785.089966	38679
1785.459961	38570
1785.560059	36728
1785.660034	35923
1785.780029	35934
1785.900024	37031
1786.040039	38475
1786.180054	36488
1786.300049	35680
1786.410034	37903
1786.689941	38586
1786.76001	36161
1786.839966	36153
1786.930054	37205
1787.02002	37566
1787.130005	35425
1787.390015	37103
1788.040039	36472
1788.189941	37508
1788.569946	35533
1788.660034	37316
1788.77002	36097
1788.880005	36729
1789.01001	36643
1789.150024	36727
1789.5	35716
1790.369995	38499
1790.540039	37975
1790.949951	38033
1791.060059	36604
1791.170044	37116
1791.300049	38323
1791.439941	36940
1791.589966	37576
1791.97998	36642
1792.939941	37433
1793.089966	37626
1793.459961	35894
1794.380005	37948
1794.530029	38307
1794.910034	38130
1795	35621
1795.109985	36498
1795.219971	37844
1795.349976	37509
1795.469971	37734
1795.800049	37807
1795.900024	36760
1796	36873
1796.25	37659
1796.880005	38792
1797.140015	36639
1797.790039	37640
1798.069946	38741
1798.790039	35424
1799.140015	38022
1799.420044	37279
1800.140015	35524
1800.349976	38079
1800.880005	35659
1801.01001	37419
1801.160034	35946
1801.319946	37343
1801.5	37966
1801.670044	36235
1802.089966	35711
1802.380005	38112
1803.109985	37470
1803.310059	36014
1803.800049	35589
1805.040039	36699
1805.280029	36667
1805.880005	37427
1807.390015	38107
1807.660034	36309
1808.329956	37160
1808.48999	38507
1808.680054	37793
1808.849976	38042
1809	37901
1809.180054	36817
1809.609985	37203
1809.810059	35541
1810.319946	35837
1810.540039	36718
1811.089966	35941
1811.199951	36149
1811.47998	37107
1812.170044	37620
1812.290039	37531
1812.589966	35618
1813.339966	37569
1813.469971	36723
1813.800049	37753
1814.609985	36352
1814.849976	37649
1815.439941	37185
1815.579956	37439
1815.75	37074
1815.930054	37263
1816.079956	38531
1816.26001	35803
1816.689941	36212
1816.900024	37775
1817.420044	36430
1817.72998	37594
1818.5	38126
1818.77002	38449
1819.430054	37906
1819.75	37180
1820.540039	38433
1820.77002	38404
1821.349976	36399
1821.660034	35652
1822.430054	37759
1822.630005	35691
1823.119995	35880
1823.25	36983
1823.380005	36724
1823.530029	35770
1823.699951	38483
1823.880005	36482
1824.339966	38771
1824.449951	37405
1824.579956	38892
1824.719971	38050
1824.869995	38864
1824.97998	38594
1825.27002	37230
1825.900024	37579
1825.910034	38895
1825.920044	36543
1825.939941	36194
1825.959961	36254
1826	36677
1826.089966	36490
1826.319946	36466
1826.880005	36685
1826.900024	38326
1826.939941	38043
1827.050049	36734
1827.339966	36620
1828.040039	38122
1828.180054	35916
1828.530029	38019
1828.619995	36135
1828.719971	36647
1828.819946	36549
1828.939941	35471
1829	36138
1829.160034	37246
1829.569946	35678
1829.670044	36192
1829.930054	36781
1830.569946	37702
1830.75	37527
1831.180054	35954
1831.290039	37729
1831.410034	37805
1831.540039	37302
1831.680054	37652
1831.839966	38453
1832.23999	36696
1832.339966	35804
1832.449951	37206
1832.530029	37366
1832.619995	37685
1832.72998	35620
1832.97998	36280
1833.609985	36744
1833.709961	38143
1833.949951	38113
1834.060059	37575
1834.339966	37599
1835.050049	37955
1835.119995	37337
1835.290039	37279
1835.719971	38330
1835.819946	38304
1836.060059	38232
1836.660034	36878
1836.76001	37791
1837.01001	38599
1837.640015	36568
1837.790039	35808
1838.160034	38692
1839.079956	35827
1839.170044	38335
1839.400024	37474
1839.969971	36241
1840.109985	36015
1840.25	37660
1840.400024	37803
1840.569946	36504
1840.75	35872
1841.209961	37206
1841.430054	38848
1841.97998	37799
1842.180054	37635
1842.689941	36135
1842.880005	37376
1843.369995	36510
1844.589966	35751
1844.72998	37655
1845.069946	36923
1845.920044	38063
1846.050049	37033
1846.359985	37523
1847.140015	37757
1847.26001	35851
1847.560059	35735
1848.319946	36555
1848.469971	38356
1848.859985	38506
1849.829956	35913
1850.040039	38794
1850.550049	38788
1851.839966	35620
1852.02002	35487
1852.47998	37451
1853.619995	37033
1853.790039	38289
1854.199951	37085
1854.439941	35534
1855.02002	36224
1855.369995	35978
1856.25	35805
1856.439941	36568
1856.900024	37224
1857	37069
1857.25	37430
1857.880005	38420
1858	36190
1858.329956	37666
1858.560059	36351
1859.130005	35863
1859.27002	37535
1859.400024	36438
1859.540039	38584
1859.699951	36685
1859.849976	37154
1860.23999	37243
1861.199951	36072
1861.339966	37116
1861.680054	35999
1862.540039	38396
1862.72998	38241
1863.189941	38234
1863.400024	36083
1863.910034	36013
1865.189941	37352
1865.400024	38720
1865.939941	37802
1866.069946	35675
1866.219971	38037
1866.380005	38022
1866.530029	38360
1866.699951	35706
1867.119995	36920
1867.339966	36433
1867.890015	37746
1868.150024	35953
1868.819946	35786
1868.949951	36998
1869.27002	37352
1869.459961	36244
1869.930054	35849
1870.040039	36173
1870.319946	37636
1870.47998	35530
1870.880005	36739
1871.880005	37828
1871.949951	35957
1872.109985	37722
1872.23999	35771
1872.569946	38708
1873.400024	37688
1873.569946	38884
1873.97998	38449
1875.02002	36739
1875.22998	36649
1875.75	36481
1877.040039	35947
1877.25	36672
1877.77002	37797
1878	37613
1878.579956	36077
1878.819946	35974
1879.420044	38531
1879.569946	37232
1879.949951	36406
1880.910034	37285
1881.050049	38419
1881.430054	37607
1881.619995	37839
1882.089966	36656
1882.310059	36911
1882.859985	37973
1882.98999	38663
1883.140015	38654
1883.310059	38002
1883.48999	37521
1883.689941	36052
1884.199951	36007
1885.459961	38172
1885.650024	38422
1886.109985	38216
1886.900024	35531
1887	37658
1887.099976	38226
1887.349976	35786
1887.98999	38371
1888.189941	36153
1888.680054	35632
1888.849976	38680
1889.26001	36717
1889.47998	38900
1890.060059	38010
1890.26001	38096
1890.76001	38634
1891.02002	35618
1891.209961	38770
1891.709961	36538
1891.829956	35856
1891.939941	38020
1892.060059	38348
1892.189941	38305
1892.329956	37246
1892.670044	38779
1893.52002	38011
1893.869995	37249
1894.75	38612
1894.969971	35675
1895.530029	38694
1895.670044	37637
1895.819946	38027
1895.98999	35885
1896.180054	38842
1896.380005	37400
1896.890015	38276
1898.180054	38298
1898.410034	36003
1898.97998	36076
1899.119995	35763
1899.280029	36904
1899.459961	36938
1899.630005	36593
1899.829956	38247
1900.310059	37833
1901.530029	36585
1901.719971	36664
1902.199951	37809
1902.319946	38786
1902.459961	35494
1902.599976	38502
1902.76001	38142
1902.939941	36450
1903.380005	35664
1903.630005	36899
1904.22998	38737
1904.449951	35587
1905.02002	36441
1905.27002	35669
1905.920044	36262
1906.140015	36450
1906.699951	36092
1906.969971	38171
1907.619995	36379
1907.880005	36915
1908.51001	36129
1908.810059	36308
1909.540039	35535
1909.910034	36086
1910.819946	38742
1911.050049	35813
1911.290039	38537
1911.51001	38172
1911.73999	36253
1911.97998	37874
1912.579956	36561
1912.859985	37234
1913.560059	35536
1913.930054	38337
1914.849976	37675
1915.099976	36828
1915.73999	38365
1916.079956	38751
1916.939941	35661
1917.900024	35673
1918	36579
1918.25	37058
1918.880005	35703
1920.439941	37426
1920.579956	37590
1920.930054	38172
1921.22998	37340
1921.97998	35817
1922.170044	38742
1922.380005	38241
1922.599976	36296
1922.829956	37695
1923.069946	35699
1923.670044	36818
1923.959961	37189
1924.689941	35763
1924.880005	36615
1925.079956	37209
1925.290039	35531
1925.51001	38612
1925.75	38897
1926.329956	38901
1927.790039	35685
1928.189941	36722
1929.209961	35826
1929.540039	36992
1930.369995	35540
1930.640015	37039
1931.319946	36929
1931.52002	38369
1932.01001	37021
1932.339966	36276
1933.160034	38002
1933.5	36198
1934.349976	37432
1936.469971	38009
1936.77002	36099
1937.51001	37048
1937.939941	37435
1939	36065
1939.26001	37413
1939.910034	38215
1940.069946	38371
1940.25	36952
1940.449951	37074
1940.660034	37807
1940.869995	37032
1941.369995	37660
1942.650024	36645
1943.030029	37409
1943.97998	35711
1944.22998	36653
1944.849976	38719
1946.390015	35992
1946.660034	35719
1947.319946	38462
1947.73999	36872
1948.800049	37925
1948.900024	37099
1949	37265
1949.25	38131
1949.880005	35800
1950.050049	37832
1950.5	35871
1950.719971	36719
1951.26001	35519
1951.390015	38637
1951.540039	38444
1951.699951	38329
1951.849976	38124
1952.01001	38608
1952.160034	38511
1952.310059	38718
1952.449951	38410
1952.589966	36700
1952.930054	36181
1953.77002	36029
1954.01001	37676
1954.599976	38591
1954.859985	36961
1955.48999	38902
1955.650024	36821
1955.819946	35890
1955.98999	38461
1956.189941	38154
1956.369995	35863
1956.829956	36498
1956.939941	37506
1957.069946	35975
1957.209961	37911
1957.359985	36632
1957.530029	37113
1957.949951	38888
1959	36831
1959.26001	36870
1959.910034	37103
1960.280029	35873
1960.369995	37989
1960.47998	35722
1960.589966	37043
1960.709961	38103
1960.849976	37520
1961.189941	38262
1961.280029	37452
1961.369995	37731
1961.469971	36130
1961.589966	36865
1961.709961	35793
1962.02002	38220
1962.780029	38464
1963.150024	37913
1964.089966	38121
1964.430054	38257
1965.26001	35615
1965.670044	36117
1966.689941	36785
1966.959961	38830
1967.619995	38290
1967.869995	36636
1968.48999	36330
1968.819946	37939
1969.650024	36603
1969.97998	37942
1970.810059	35890
1971.130005	36964
1971.930054	36965
1972.319946	38537
1973.300049	37355
1973.560059	37007
1974.209961	38507
1975.829956	35772
1976.089966	36949
1976.75	37417
1976.900024	37011
1977	37756
1977.099976	36846
1977.359985	37468
1977.98999	37348
1978.209961	36195
1978.77002	37490
1979.050049	37909
1979.76001	36172
1980.030029	38197
1980.689941	36422
1980.859985	38908
1981.030029	37421
1981.219971	37766
1981.400024	38738
1981.609985	36180
1982.130005	35551
1982.469971	37183
1983.319946	36493
1983.660034	36819
1984.48999	38303
1984.869995	38016
1985.810059	36967
1986.099976	38489
1986.829956	37839
1987.209961	35955
1988.170044	36232
1988.459961	36504
1989.199951	38420
1991.040039	37698
1991.359985	38624
1992.150024	38159
1992.349976	36431
1992.569946	36171
1992.800049	36714
1993.040039	36762
1993.26001	38185
1993.829956	38233
1994.130005	36954
1994.890015	37569
1995.219971	38065
1996.040039	37341
1996.359985	37244
1997.180054	37329
1997.459961	37000
1998.189941	35908
1998.540039	38469
1999.439941	38127
1999.77002	38728
2000.579956	36662
2000.930054	36944
2001.790039	36814
2002.01001	38215
2002.23999	35622
2002.469971	38053
2002.689941	37935
2002.910034	36296
2003.47998	37298
2004.890015	38572
2005.180054	36892
2005.910034	38906
2006.119995	36485
2006.650024	38433
2007.900024	37421
2008	37658
2008.25	37209
2008.380005	37978
2008.689941	36751
2008.800049	36553
2009.089966	37477
2009.819946	36938
2009.920044	36261
2010.189941	35727
2010.329956	37867
2010.699951	37696
2010.880005	36459
2011.329956	36268
2011.439941	38579
2011.569946	36985
2011.709961	37427
2011.859985	36425
2011.959961	37045
2012.22998	36716
2012.900024	37252
2013.099976	36245
2013.609985	37302
2013.77002	38879
2014.160034	36299
2014.400024	37053
2015	37713
2015.170044	35955
2015.599976	36375
2015.839966	38595
2016.459961	35551
2016.640015	37596
2017.099976	37068
2017.329956	37839
2017.920044	38754
2018.170044	37738
2018.800049	38719
2019.030029	36857
2019.589966	37199
2019.859985	37053
2020.550049	36728
2020.829956	38643
2021.069946	36158
2021.650024	36559
2021.939941	35820
2022.680054	36841
2022.959961	37063
2023.650024	37133
2024.02002	36628
2024.930054	35778
2025.23999	36608
2026	35928
2026.349976	37321
2027.209961	38672
2027.430054	36637
2027.650024	36630
2027.890015	36672
2028.140015	37228
2028.400024	37132
2029.060059	38595
2029.459961	37737
2030.449951	36973
2030.790039	36014
2031.650024	36560
2031.859985	35626
2032.089966	35720
2032.319946	36077
2032.560059	37512
2032.819946	36407
2033.449951	36287
2035.030029	37155
2035.400024	36014
2036.319946	38113
2036.689941	38878
2037.630005	38872
2038	37658
2038.930054	35528
2039.160034	36183
2039.410034	38498
2039.660034	38341
2039.930054	38873
2040.180054	36017
2040.800049	38208
2041.219971	36034
2042.280029	37422
2042.599976	38502
2043.420044	35708
2043.780029	37273
2044.699951	36634
2045.01001	37555
2045.77002	36497
2045.959961	36922
2046.180054	38600
2046.400024	37480
2046.630005	38191
2046.880005	38630
2047.48999	38059
2049.02002	38469
2049.350098	36361
2050.169922	35528
2050.580078	36192
2051.610107	38421
2052.02002	36153
2053.050049	35766
2053.469971	37491
2054.48999	36017
2055.01001	36682
2055.139893	37310
2055.280029	38666
2055.439941	38009
2055.610107	36524
2055.800049	35911
2056.27002	37595
2057.459961	37654
2058.070068	38585
2059.580078	37138
2060.060059	37626
2061.25	38841
2061.879883	37999
2062.409912	35984
2063.73999	38870
2067.050049	37659
2067.47998	36288
2067.870117	37705
2068.850098	38642
2068.899902	35643
2069	36971
2069.25	36043
2069.310059	36097
2069.379883	35653
2069.459961	38290
2069.540039	35913
2069.610107	38675
2069.77002	38379
2070.169922	37557
2070.23999	35860
2070.389893	38715
2070.790039	37848
2070.870117	37393
2071.080078	36811
2071.179932	37225
2071.439941	37248
2072.080078	37456
2072.169922	37474
2072.370117	36437
2072.879883	35992
2072.959961	38176
2073.149902	36350
2073.629883	37742
2073.72998	36455
2073.97998	36405
2074.600098	38061
2074.709961	35871
2074.97998	35778
2075.100098	35502
2075.389893	37374
2075.550049	37530
2075.949951	37289
2076.070068	35965
2076.389893	37245
2076.570068	38590
2077.030029	36037
2077.189941	36611
2077.580078	38410
2077.75	38560
2078.169922	36008
2078.379883	36077
2078.899902	38056
2079.030029	35495
2079.169922	38123
2079.280029	37265
2079.389893	38620
2079.51001	36847
2079.820068	36587
2080.590088	37602
2080.800049	37023
2081.320068	35606
2081.580078	37661
2082.22998	36670
2082.439941	38053
2082.949951	36314
2083.080078	38764
2083.219971	37147
2083.370117	38488
2083.530029	38093
2083.699951	35631
2084.139893	35444
2085.23999	38299
2085.449951	38279
2085.969971	35587
2086.120117	37176
2086.48999	36828
2086.669922	37286
2087.129883	35551
2088.280029	37067
2088.459961	36592
2088.919922	36041
2089.030029	37892
2089.149902	37761
2089.280029	35834
2089.419922	38763
2089.580078	35524
2089.97998	36261
2090.959961	38468
2091.149902	38039
2091.610107	36634
2091.719971	36621
2091.830078	38134
2091.939941	37026
2092.070068	37329
2092.189941	37175
2092.469971	38719
2093.189941	36027
2093.310059	36763
2093.590088	36340
2093.820068	38678
2094.370117	37742
2094.51001	36976
2094.659912	35727
2094.830078	38340
2094.97998	35975
2095.149902	36632
2095.570068	38631
2095.909912	38763
2096.73999	36359
2097.149902	35850
2098.169922	36748
2098.540039	36710
2098.899902	38377
2099	37069
2099.050049	36397
2099.189941	36572
2099.27002	38758
2099.469971	36253
2099.51001	38149
2099.629883	36206
2099.699951	37920
2099.850098	37538
2100.25	35865
2100.300049	36876
2100.419922	37870
2100.719971	36171
2100.790039	36691
2100.959961	36368
2101.030029	37272
2101.199951	37318
2101.27002	36219
2101.459961	35942
2101.550049	38073
2101.780029	37251
2101.870117	37711
2102.100098	37927
2102.679932	37585
2102.77002	38284
2102.969971	38722
2103.080078	37552
2103.370117	35756
2103.52002	36361
2103.870117	37530
2103.969971	37610
2104.22998	38751
2104.360107	38776
2104.709961	38622
2104.810059	36023
2105.090088	36354
2105.189941	36025
2105.439941	38827
2106.070068	38640
2106.129883	37479
2106.280029	35556
2106.409912	36181
2106.72998	35626
2106.810059	36533
2106.899902	37716
2106.98999	35892
2107.100098	38669
2107.219971	38807
2107.51001	37685
2107.679932	36913
2108.110107	37906
2108.26001	38495
2108.639893	36227
2108.830078	37501
2109.310059	36548
2109.52002	37578
2110.040039	37334
2110.25	37852
2110.780029	35895
2111.02002	36395
2111.610107	36019
2111.77002	35871
2112.169922	36980
2112.409912	35430
2113	37119
2113.129883	36990
2113.469971	37957
2113.709961	36413
2114.320068	36088
2114.47998	35435
2114.879883	36667
2115.879883	37354
2116.110107	36443
2116.689941	37326
2116.959961	37937
2117.639893	36490
2117.810059	37505
2118.23999	36814
2118.48999	38731
2119.139893	37811
2119.300049	35471
2119.469971	37607
2119.669922	36933
2119.879883	38310
2120.040039	38485
2120.439941	37976
2121.459961	37941
2121.659912	36693
2122.149902	37491
2122.409912	37305
2123.040039	37879
2124.639893	37033
2124.860107	38349
2125.399902	37660
2125.540039	36876
2125.689941	38544
2125.860107	38059
2126.040039	35612
2126.23999	38272
2126.72998	36141
2126.899902	36793
2127.340088	37671
2127.51001	38133
2127.929932	37664
2128.97998	35659
2129.149902	35965
2129.560059	37465
2130	36677
2131.100098	38419
2131.459961	35469
2132.340088	35485
2132.889893	35932
2134.25	37974
2134.530029	36936
2135.22998	36334
2135.399902	37264
2135.600098	37790
2135.810059	37522
2136.030029	35796
2136.27002	37995
2136.850098	37900
2138.320068	36672
2138.72998	37772
2138.830078	37633
2138.939941	36405
2139.060059	38484
2139.199951	37855
2139.350098	37632
2139.719971	35855
2140.659912	38241
2140.98999	37279
2141.840088	37298
2142.050049	37390
2142.27002	37994
2142.5	36423
2142.73999	36648
2143	38321
2143.639893	38115
2143.800049	38054
2143.97998	37923
2144.169922	35914
2144.389893	35587
2144.610107	37120
2145.169922	37425
2146.580078	37222
2147.129883	37348
2148.51001	37902
2149.040039	36812
2149.169922	36726
2149.310059	38455
2149.47998	36154
2149.649902	35936
2149.840088	38658
2150.320068	35676
2151.52002	37083
2152.060059	35518
2152.199951	38739
2152.350098	35897
2152.51001	36656
2152.689941	36016
2152.889893	36951
2153.399902	38673
2154.649902	37299
2155.169922	35574
2156.459961	37028
2156.709961	37025
2157.330078	37381
2157.47998	38818
2157.649902	35909
2157.840088	38525
2158.050049	37782
2158.27002	38513
2158.810059	38306
2160.169922	36710
2160.560059	37475
2161	37658
2162.100098	38389
2162.550049	35741
2163.679932	35803
2164.040039	37891
2164.929932	35972
2165.459961	36433
2166.780029	36296
2167.110107	36233
2167.459961	37477
2167.820068	36733
2168.209961	37473
2168.52002	37103
2169.290039	36300
2171.22998	36292
2171.600098	36739
2172.51001	37810
2174.780029	36844
2175.110107	37424
2175.919922	36357
2176.120117	36068
2176.340088	37114
2176.560059	36929
2176.800049	35779
2177.040039	35581
2177.659912	38793
2179.199951	37909
2179.659912	36286
2180.790039	37026
2181.070068	36055
2181.370117	36465
2181.679932	36454
2181.969971	37328
2182.280029	37024
2183.030029	38198
2184.919922	35951
2185.23999	38376
2186.050049	35472
2186.610107	37584
2188.030029	35419
2188.530029	35894
2189.77002	37752
2190.100098	36441
2190.919922	36914
2191	37658
2191.189941	38369
2191.679932	35652
2191.800049	37892
2191.939941	38432
2192.080078	37158
2192.25	38786
2192.429932	37040
2192.879883	36253
2193.22998	35724
2194.110107	36779
2196.310059	35963
2196.439941	36830
2196.73999	38774
2197.48999	35593
2197.620117	37910
2197.949951	36875
2198.780029	35517
2198.889893	38081
2199.169922	35547
2199.870117	36381
2199.97998	35647
2200.26001	35514
2200.969971	35448
2202.72998	36911
2202.860107	35709
2203.199951	37172
2204.060059	37705
2204.320068	38070
2204.969971	37371
2205.320068	35830
2206.209961	37124
2206.429932	36039
2206.669922	35381
2206.909912	35474
2207.169922	36019
2207.439941	38506
2208.110107	35382
2208.570068	36661
2209.72998	38675
2210.120117	36076
2211.090088	38232
2211.330078	35566
2211.590088	36968
2211.850098	35609
2212.129883	37598
2212.429932	37927
2213.169922	38408
2213.350098	38685
2213.550049	38480
2213.77002	37351
2213.98999	35741
2214.22998	38477
2214.810059	36258
2216.280029	35896
2216.530029	35386
2217.159912	38218
2217.590088	35568
2218.669922	36342
2218.939941	38084
2219.219971	38789
2219.52002	36441
2219.830078	37772
2220.159912	37683
2220.97998	38696
2221.429932	38456
2222	36775
2223.419922	36809
2223.72998	38659
2224.52002	38375
2224.899902	38205
2225.860107	36851
2226.090088	37656
2226.340088	38206
2226.610107	38271
2226.879883	36948
2227.159912	35439
2227.850098	37345
2228.030029	38637
2228.219971	38113
2228.429932	36582
2228.649902	37563
2228.879883	37820
2229.459961	38389
2230.919922	35378
2231.310059	35446
2232.300049	37445
2232.72998	38579
2233.790039	38281
2234.219971	35443
2235.300049	36598
2235.699951	38292
2236.709961	37835
2237.209961	37372
2238.469971	38681
2238.810059	38430
2239.649902	35814
2239.850098	36678
2240.070068	37067
2240.300049	35947
2240.540039	37666
2240.790039	36470
2241.409912	38542
2242.969971	35661
2243.149902	35625
2243.610107	35849
2244.73999	36876
2245.100098	35621
2246.01001	36778
2246.419922	37740
2246.75	38739
2247.570068	36222
2247.889893	35721
2248.689941	37020
2250.699951	36851
2251.070068	36574
2251.899902	37411
2252	37363
2252.040039	37650
2252.149902	38592
2252.199951	36353
2252.310059	35487
2252.580078	37306
2252.610107	38552
2252.689941	37113
2252.889893	38687
2252.919922	37790
2253.01001	35617
2253.23999	38295
2253.290039	38610
2253.350098	36462
2253.409912	37529
2253.47998	35605
2253.550049	38015
2253.72998	35771
2253.780029	35436
2253.909912	37785
2254.23999	37478
2254.290039	38082
2254.429932	38288
2254.76001	37327
2254.840088	37138
2255.040039	37115
2255.129883	35855
2255.360107	35458
2255.469971	35686
2255.75	37879
2255.850098	36123
2256.100098	35827
2256.209961	37412
2256.47998	36323
2256.580078	36387
2256.840088	37768
2256.929932	37213
2257.159912	38330
2257.219971	37471
2257.280029	37894
2257.350098	38720
2257.429932	37277
2257.5	35665
2257.689941	36784
2258.159912	36541
2258.25	36046
2258.48999	36886
2258.600098	36555
2258.860107	36484
2258.949951	35892
2259.199951	36420
2259.310059	36520
2259.590088	36685
2259.719971	37498
2259.820068	38638
2260.080078	35354
2260.149902	38068
2260.219971	36530
2260.300049	37920
2260.389893	37077
2260.48999	36718
2260.72998	38358
2260.889893	36690
2261.280029	36071
2261.419922	36929
2261.76001	38490
2261.899902	36145
2262.25	37546
2262.370117	35335
2262.669922	38459
2262.800049	37090
2263.100098	38381
2263.22998	36997
2263.550049	36238
2263.669922	37761
2263.969971	35459
2264.090088	37674
2264.399902	36760
2264.47998	36043
2264.570068	36349
2264.659912	35486
2264.77002	37997
2264.870117	37671
2265.120117	38491
2265.73999	36716
2265.840088	38300
2266.090088	37839
2266.23999	38610
2266.639893	36382
2266.780029	36289
2267.129883	38396
2268.01001	35939
2268.129883	35666
2268.419922	35650
2268.550049	36432
2268.889893	35617
2269.040039	35841
2269.399902	38287
2269.550049	38547
2269.909912	36744
2270.090088	38595
2270.530029	38032
2270.689941	36473
2271.070068	36718
2271.290039	37494
2271.840088	36730
2272.02002	38214
2272.469971	35699
2272.629883	38428
2273.040039	38430
2274.060059	36370
2274.209961	36558
2274.570068	35738
2274.659912	36821
2274.76001	36841
2274.870117	37410
2274.98999	35938
2275.120117	36889
2275.449951	38044
2276.26001	37319
2276.439941	35902
2276.879883	36225
2276.98999	36416
2277.110107	37736
2277.23999	35313
2277.389893	36401
2277.540039	37965
2277.909912	36597
2278.840088	38495
2279.030029	37394
2279.51001	38307
2279.810059	38077
2280.550049	36902
2280.780029	37987
2281.370117	36442
2281.679932	36143
2282.439941	36772
2282.72998	36201
2282.899902	36245
2283	37167
2283.25	35334
2283.879883	37389
2284.179932	35430
2284.949951	36639
2285.25	38606
2285.97998	37086
2286.23999	35450
2286.879883	37533
2287.169922	37497
2287.879883	37710
2288.159912	38367
2288.850098	37641
2289.169922	35492
2289.969971	36477
2290.310059	36092
2291.159912	37619
2291.47998	36865
2292.290039	37426
2292.629883	36654
2293.48999	36343
2293.810059	37454
2294.070068	36867
2294.72998	35892
2295.050049	36284
2295.840088	35373
2296.169922	36983
2297	38345
2297.330078	36440
2298.159912	35629
2298.51001	35948
2299.399902	35887
2299.790039	38425
2299.879883	35893
2299.98999	38059
2300.110107	37235
2300.23999	37202
2300.379883	36045
2300.73999	38465
2300.830078	37818
2300.929932	36916
2301.040039	36200
2301.159912	35682
2301.290039	37788
2301.620117	36035
2302.449951	37715
2302.810059	35916
2303.719971	37834
2304.110107	35675
2305.110107	37145
2305.449951	37512
2305.540039	37966
2305.629883	38035
2305.73999	38236
2305.860107	38591
2305.97998	36469
2306.300049	37155
2307.100098	36747
2307.47998	37835
2308.419922	36516
2308.77002	36873
2308.850098	37430
2308.939941	37699
2309.040039	37154
2309.149902	36799
2309.280029	37073
2309.580078	38632
2310.350098	36998
2310.709961	36122
2311.629883	37931
2311.939941	37579
2312.72998	36824
2313.070068	37089
2313.899902	38297
2314	37167
2314.040039	35395
2314.139893	37026
2314.179932	37771
2314.290039	38550
2314.330078	37261
2314.439941	38150
2314.48999	37842
2314.600098	37926
2314.639893	37990
2314.75	36812
2314.800049	36678
2314.810059	36548
2314.820068	35446
2314.840088	35997
2314.860107	36847
2314.870117	35337
2314.919922	35713
2315.030029	36906
2315.070068	37207
2315.169922	36204
2315.219971	38183
2315.340088	37198
2315.379883	37225
2315.5	36249
2315.560059	37660
2315.699951	37782
2315.75	37617
2315.870117	36973
2315.899902	36443
2315.929932	38265
2315.969971	35949
2316.01001	36137
2316.050049	38438
2316.149902	38508
2316.209961	38459
2316.340088	38146
2316.379883	38087
2316.5	36900
2316.560059	35840
2316.709961	37072
2316.77002	37736
2316.899902	38211
2317.23999	38417
2317.280029	35612
2317.370117	35391
2317.429932	35796
2317.590088	38457
2317.659912	36272
2317.820068	37986
2317.870117	37866
2317.909912	37139
2317.959961	38630
2318.01001	38595
2318.050049	37367
2318.179932	35519
2318.25	36909
2318.429932	38513
2318.5	36796
2318.669922	36164
2318.75	38192
2318.949951	35808
2319.040039	36144
2319.25	36758
2319.340088	38439
2319.560059	36138
2319.639893	35815
2319.860107	36824
2319.939941	35652
2320.129883	36254
2320.23999	37417
2320.5	35967
2320.570068	37529
2320.73999	36345
2320.840088	35413
2321.080078	37185
2321.159912	38690
2321.350098	37500
2321.399902	36893
2321.449951	36138
2321.51001	37145
2321.570068	38045
2321.639893	36625
2321.820068	37707
2322.26001	37298
2322.320068	36408
2322.469971	36040
2322.560059	36263
2322.800049	36354
2322.879883	38272
2323.060059	36833
2323.110107	38355
2323.159912	36574
2323.219971	36020
2323.280029	36370
2323.350098	36548
2323.52002	36877
2323.949951	36739
2324.030029	38702
2324.22998	38199
2324.330078	38300
2324.580078	37697
2324.699951	38091
2325	35305
2325.100098	35856
2325.340088	37187
2325.439941	38336
2325.679932	37573
2325.800049	38471
2326.110107	35471
2326.219971	35558
2326.469971	38138
2326.570068	36910
2326.820068	35948
2326.879883	37748
2326.949951	35437
2327.030029	37911
2327.110107	37166
2327.199951	38190
2327.280029	37321
2327.469971	35388
2327.52002	38282
2327.570068	35760
2327.629883	36110
2327.699951	38151
2327.77002	37791
2327.949951	38122
2328.389893	36800
2328.48999	38704
2328.72998	37595
2328.860107	35599
2329.189941	37243
2329.310059	37529
2329.590088	37425
2330.280029	36570
2330.409912	38180
2330.719971	38686
2330.899902	36614
2330.939941	37145
2330.98999	35404
2331.050049	36805
2331.110107	37200
2331.169922	36526
2331.330078	36177
2331.719971	38008
2331.889893	37429
2332.320068	36740
2332.419922	35921
2332.540039	37006
2332.649902	36228
2332.73999	37372
2332.840088	38446
2333.110107	37283
2333.27002	36676
2333.669922	38107
2333.76001	35313
2334	37232
2334.100098	37276
2334.370117	35889
2334.439941	36799
2334.52002	37800
2334.600098	36832
2334.679932	37604
2334.77002	36171
2334.98999	38606
2335.550049	37051
2335.699951	35905
2336.050049	38221
2336.219971	38115
2336.649902	38305
2336.840088	35487
2337.320068	36594
2337.439941	35318
2337.570068	38084
2337.719971	35814
2337.879883	36925
2338.01001	37054
2338.350098	38320
2339.179932	36841
2339.290039	36021
2339.570068	36350
2339.709961	37500
2340.060059	38532
2340.199951	37775
2340.540039	35522
2340.659912	35892
2340.939941	38698
2341.100098	36152
2341.48999	38057
2341.600098	36555
2341.860107	36246
2342	37559
2342.340088	36025
2343.199951	35645
2343.300049	36343
2343.530029	38712
2344.100098	38335
2344.199951	35655
2344.449951	36311
2345.070068	36257
2345.189941	36824
2345.48999	37259
2345.679932	36546
2346.149902	37442
2346.27002	36042
2346.370117	36078
2346.48999	38428
2346.620117	37940
2346.72998	36163
2347.01001	36482
2347.209961	37000
2347.689941	37653
2347.830078	35736
2348.169922	38609
2349.02002	35750
2349.189941	35601
2349.610107	37042
2349.719971	38571
2349.840088	35951
2349.969971	38016
2350.090088	37094
2350.23999	38494
2350.590088	35465
2350.679932	36861
2350.780029	37360
2350.889893	37519
2351.01001	35871
2351.139893	38414
2351.469971	37043
2352.290039	35843
2352.48999	37331
2353.01001	36701
2353.23999	37311
2353.820068	35885
2354.02002	37938
2354.52002	37833
2354.699951	36256
2355.139893	36392
2355.360107	37035
2355.899902	38185
2356.040039	36205
2356.189941	36059
2356.350098	38730
2356.530029	36877
2356.72998	38296
2356.909912	37335
2357.340088	36275
2358.409912	36157
2358.550049	38636
2358.909912	36043
2359.120117	36972
2359.649902	38506
2359.810059	38445
2360.219971	37037
2360.320068	37904
2360.429932	37071
2360.550049	37095
2360.679932	38425
2360.800049	35382
2361.100098	37263
2361.290039	35508
2361.790039	35315
2361.879883	36199
2362.120117	35621
2362.709961	37892
2362.860107	35600
2362.98999	35643
2363.139893	38592
2363.300049	35972
2363.47998	36658
2363.919922	38085
2364.030029	35951
2364.149902	36836
2364.280029	36506
2364.429932	37111
2364.590088	36335
2365	38504
2365.100098	37329
2365.219971	37305
2365.340088	35326
2365.47998	36545
2365.629883	38454
2366	38519
2366.939941	36300
2367.139893	37612
2367.629883	37566
2367.889893	36996
2368.530029	35574
2368.75	36721
2369.280029	36167
2369.600098	36038
2370.409912	36571
2370.659912	36309
2371.27002	38511
2371.590088	37977
2372.389893	36190
2372.689941	38600
2372.899902	38408
2373	36481
2373.25	37997
2373.879883	36993
2374.129883	36425
2374.379883	35487
2374.98999	37281
2375.280029	36701
2376.01001	36326
2376.189941	36975
2376.399902	37245
2376.610107	38671
2376.830078	36875
2377.070068	37313
2377.649902	38514
2377.929932	36428
2378.620117	35365
2378.889893	36028
2379.580078	35804
2379.949951	35547
2380.879883	38652
2381.179932	36763
2381.919922	35641
2382.149902	37359
2382.719971	35385
2384.149902	37190
2384.379883	38564
2384.969971	35940
2385.120117	36835
2385.280029	38402
2385.409912	37085
2385.540039	37290
2385.699951	36242
2386.070068	36496
2386.26001	35418
2386.72998	38367
2387.909912	38074
2388.100098	37100
2388.570068	35448
2388.689941	38296
2388.820068	36568
2388.969971	38370
2389.120117	36619
2389.300049	35924
2389.72998	38526
2390.02002	35678
2390.75	38622
2391.179932	37632
2391.48999	36304
2392.27002	35483
2394.209961	36290
2394.530029	37831
2395.340088	37522
2395.75	35994
2396.780029	38744
2397.070068	37001
2397.790039	37442
2398.189941	35997
2399.189941	36968
2399.600098	38039
2400.629883	35728
2400.98999	36706
2401.300049	38673
2402.070068	36730
2402.560059	38697
2402.899902	38763
2403	37461
2403.25	35748
2403.389893	37265
2403.73999	35516
2403.860107	37167
2404.169922	37077
2404.23999	35953
2404.330078	36320
2404.419922	37791
2404.52002	35652
2404.620117	35514
2404.879883	38528
2405.51001	37646
2405.620117	38520
2405.899902	37380
2406.610107	36306
2406.679932	38451
2406.860107	36727
2407.330078	37492
2407.459961	38076
2407.800049	38592
2407.929932	35630
2408.280029	36578
2409.129883	37245
2409.27002	36314
2409.620117	37465
2410.47998	35524
2410.669922	36242
2411.129883	37963
2411.360107	38700
2411.929932	38536
2412.129883	38729
2412.639893	36069
2412.879883	38607
2413.48999	36724
2413.689941	38278
2414.199951	35771
2415.449951	36195
2415.639893	37165
2416.100098	38060
2417.25	37287
2417.429932	36610
2417.879883	37053
2419	38502
2419.179932	36897
2419.629883	37767
2419.850098	37204
2420.409912	37301
2420.639893	36071
2421.199951	38278
2421.340088	37110
2421.48999	37361
2421.659912	38095
2421.820068	36035
2421.98999	35586
2422.429932	37584
2422.72998	38028
2423.48999	35440
2423.820068	38065
2424.649902	38567
2424.909912	36979
2425.550049	38580
2425.870117	37228
2426.669922	37965
2426.909912	35991
2427.5	35661
2427.800049	37895
2428.540039	37918
2428.76001	37235
2429.300049	37983
2429.540039	35974
2430.129883	37700
2430.340088	38449
2430.870117	38320
2432.199951	36241
2432.449951	37433
2433.060059	37473
2433.280029	36974
2433.840088	35803
2433.899902	37445
2434	36579
2434.050049	37119
2434.169922	35625
2434.47998	38582
2434.540039	37044
2434.689941	36628
2435.080078	36087
2435.129883	35485
2435.280029	38472
2435.639893	38032
2435.75	35700
2436.030029	35781
2436.709961	37021
2436.77002	37489
2436.919922	36530
2437.280029	37596
2437.389893	38271
2437.669922	37979
2437.780029	37957
2438.060059	36682
2438.77002	38760
2438.929932	38176
2439.320068	35511
2440.320068	36976
2440.5	37749
2440.959961	38298
2442.110107	37800
2442.419922	38664
2443.179932	38685
2443.409912	37044
2443.98999	35559
2444.320068	36502
2445.149902	38527
2445.320068	36066
2445.77002	38295
2446.879883	38745
2447.070068	38396
2447.530029	37529
2447.639893	36358
2447.77002	38243
2447.909912	38453
2448.060059	37845
2448.219971	38322
2448.629883	38077
2448.850098	37713
2449.429932	35622
2449.639893	36107
2450.169922	36386
2450.459961	37215
2451.169922	37509
2451.449951	38026
2452.159912	38356
2452.469971	37878
2453.26001	37981
2453.570068	37544
2454.360107	36399
2456.320068	37023
2456.550049	37506
2457.120117	36248
2457.27002	37603
2457.419922	37684
2457.600098	36280
2457.790039	35656
2457.98999	36841
2458.47998	37886
2458.830078	38054
2459.689941	36109
2459.969971	36367
2460.649902	38049
2460.959961	36639
2461.73999	38055
2462.01001	36154
2462.689941	37032
2462.810059	38568
2462.949951	37083
2463.090088	36327
2463.25	38708
2463.429932	36288
2463.899902	38118
2464	37756
2464.100098	37603
2464.129883	36827
2464.159912	36862
2464.189941	36589
2464.219971	37874
2464.26001	36060
2464.350098	37480
2464.590088	35960
2464.699951	37378
2465	37310
2465.110107	37137
2465.409912	36305
2466.139893	36697
2466.290039	37614
2466.659912	35976
2466.949951	37590
2467.199951	37606
2467.820068	36900
2467.97998	35611
2468.149902	38522
2468.340088	38375
2468.550049	38602
2468.77002	37200
2469.320068	35997
2469.719971	38319
2470.070068	37294
2470.969971	36748
2471.189941	38178
2471.419922	36322
2471.669922	36642
2471.929932	36560
2472.199951	36161
2472.870117	38260
2474.560059	37583
2475.050049	38876
2476.27002	36291
2476.800049	38297
2478.129883	37948
2478.600098	37849
2479.77002	37268
2480.25	36016
2481.449951	35595
2481.909912	37879
2483.050049	36189
2483.530029	38396
2484.719971	37204
2485.22998	38356
2486.5	38320
2486.969971	38053
2488.149902	38400
2488.76001	37629
2490.280029	37278
2490.679932	36148
2491.679932	38512
2492.199951	38080
2493.5	37920
2494.25	38550
2494.860107	36345
2495	36971
2495.360107	36062
2496.26001	38241
2496.48999	38232
2496.72998	38568
2496.969971	36223
2497.23999	36238
2497.51001	36465
2498.199951	36979
2498.780029	38051
2500.25	37680
2500.77002	38628
2502.060059	38241
2502.790039	38609
2504.590088	38005
2505.030029	37299
2506.110107	38022
2506.780029	38300
2508.459961	36246
2508.879883	36537
2509.330078	36571
2509.790039	36645
2510.280029	37913
2510.600098	37404
2511.399902	35659
2511.879883	36903
2513.060059	37998
2513.350098	38270
2513.659912	35557
2513.98999	38739
2514.330078	38492
2514.679932	36503
2515.580078	36734
2516.209961	37502
2517.780029	36305
2518.110107	37338
2518.909912	38024
2520.929932	36785
2521.25	36026
2522.030029	37212
2522.610107	38951
2524.050049	37490
2524.679932	35783
2525.899902	35866
2526	37559
2526.25	38433
2526.360107	35722
2526.649902	38029
2527.350098	38284
2527.449951	37859
2527.699951	36058
2528.310059	38795
2528.469971	37244
2528.610107	37583
2528.76001	38789
2528.919922	36120
2529.100098	37166
2529.560059	36407
2529.669922	38146
2529.800049	37238
2529.939941	37246
2530.090088	36989
2530.22998	36483
2530.570068	37262
2530.649902	38580
2530.75	36751
2530.850098	37469
2530.969971	36312
2531.090088	37880
2531.409912	36240
2532.199951	38296
2532.389893	36815
2532.870117	37853
2532.98999	38057
2533.110107	36608
2533.25	38106
2533.399902	36442
2533.570068	37629
2533.97998	36785
2534.27002	36254
2534.97998	36764
2535.340088	38997
2536.23999	35570
2536.51001	36728
2537.189941	38267
2537.560059	38732
2538.48999	38294
2538.719971	38185
2539.300049	37747
2539.449951	35770
2539.590088	35758
2539.75	37203
2539.929932	37666
2540.129883	37815
2540.610107	38995
2540.73999	37543
2540.870117	36585
2541.02002	37545
2541.179932	36308
2541.360107	38475
2541.820068	36541
2542.939941	38436
2543.159912	35728
2543.699951	37625
2545.060059	38594
2545.280029	38274
2545.820068	36527
2547.179932	38221
2547.360107	36563
2547.790039	36272
2548.879883	38716
2549.159912	38575
2549.850098	38662
2550.100098	37486
2550.709961	36070
2550.949951	37292
2551.550049	37018
2553.060059	38804
2553.389893	38045
2554.209961	38902
2554.459961	37511
2555.090088	38340
2556	36971
2556.320068	37723
2557.100098	36095
2557.419922	36706
2558.209961	38209
2558.550049	35651
2559.389893	38126
2559.820068	38129
2560.879883	37140
2561.149902	37962
2561.820068	36941
2563.51001	37380
2563.830078	38784
2564.629883	37400
2566.639893	38899
2566.870117	37021
2567.419922	37213
2567.560059	35624
2567.709961	37836
2567.879883	35705
2568.070068	37256
2568.27002	37108
2568.790039	36136
2569.209961	36266
2570.290039	37627
2570.73999	35820
2571.879883	37388
2572.320068	37346
2572.689941	36169
2573.030029	36876
2573.889893	38598
2574.100098	36504
2574.330078	36615
2574.560059	37300
2574.810059	36465
2575.070068	37105
2575.719971	37184
2577.340088	37542
2577.919922	35721
2579.379883	36535
2579.840088	35754
2580.25	37541
2581.280029	38243
2581.530029	36415
2581.800049	37297
2582.080078	36947
2582.370117	37816
2582.669922	37784
2583.409912	37511
2585.26001	35670
2585.73999	37264
2586.899902	38095
2587	37461
2587.01001	37479
2587.050049	36756
2587.139893	36185
2587.370117	37258
2587.399902	38947
2587.469971	38199
2587.659912	38060
2587.699951	37383
2587.810059	36450
2588.090088	37630
2588.129883	35933
2588.22998	38484
2588.47998	36106
2588.52002	36431
2588.629883	37150
2588.909912	36600
2588.959961	37456
2589.100098	38948
2589.449951	38783
2589.48999	39017
2589.600098	36968
2589.879883	39066
2589.939941	38831
2590.090088	37983
2590.48999	38838
2591.459961	38084
2591.570068	36346
2591.850098	37118
2592.550049	38716
2592.73999	38948
2593.22998	36165
2594.449951	38726
2594.659912	36169
2595.189941	38879
2596.52002	38248
2596.76001	36208
2597.360107	35942
2598.860107	38957
2599.070068	37345
2599.580078	38449
2600.860107	36765
2601.120117	38253
2601.76001	38404
2603.360107	39009
2603.669922	37958
2604.439941	37027
2604.639893	36838
2604.850098	36161
2605.070068	36311
2605.310059	36828
2605.550049	35698
2606.169922	35811
2606.48999	37567
2607.290039	38162
2607.48999	38855
2607.699951	37497
2607.919922	37009
2608.159912	37287
2608.399902	37503
2609.01001	36497
2609.159912	37487
2609.330078	36576
2609.51001	37749
2609.719971	36585
2609.929932	37099
2610.469971	36287
2610.909912	37947
2612.02002	36306
2612.27002	37262
2612.889893	36572
2614.439941	36288
2614.75	37577
2615.550049	37231
2615.699951	35963
2615.860107	37880
2616.030029	37792
2616.22998	36290
2616.439941	38897
2617	37952
2617.139893	37437
2617.290039	36874
2617.459961	35812
2617.649902	36434
2617.860107	37515
2618.370117	38877
2618.5	35982
2618.639893	36787
2618.800049	37083
2618.969971	35653
2619.159912	36380
2619.639893	38276
2619.98999	37733
2620.850098	37083
2621.070068	36477
2621.290039	36592
2621.530029	35819
2621.780029	36133
2622.050049	37449
2622.699951	37541
2624.340088	37301
2624.550049	38159
2625.070068	36161
2626.379883	37977
2626.550049	38816
2626.97998	36169
2628.040039	37198
2628.419922	37656
2629.379883	37232
2629.610107	35911
2629.860107	36691
2630.129883	36836
2630.360107	37189
2630.600098	37263
2631.219971	35694
2631.5	38700
2632.189941	37303
2633.939941	35770
2634.199951	35862
2634.850098	36783
2636.47998	36744
2636.800049	38575
2637.600098	36491
2637.800049	36281
2638.01001	36510
2638.23999	37372
2638.469971	37632
2638.719971	36122
2639.340088	36382
2639.820068	38447
2641.030029	37689
2641.580078	37286
2642.949951	37916
2643.47998	36984
2644.790039	37426
2645.27002	38354
2645.399902	36340
2645.530029	36910
2645.679932	36693
2645.840088	36972
2646.02002	37306
2646.469971	37400
2646.860107	38630
2647.840088	36798
2647.899902	38036
2648	37363
2648.25	36713
2648.879883	36096
2650.439941	37014
2650.820068	36852
2651.780029	38363
2652.209961	35674
2653.290039	35897
2653.560059	36291
2653.840088	36422
2654.139893	37799
2654.419922	37293
2654.719971	38953
2655.449951	37092
2655.639893	37069
2655.840088	37611
2656.050049	36701
2656.280029	36900
2656.51001	37859
2657.100098	37295
2657.449951	38479
2658.340088	37993
2658.72998	35830
2659.689941	38910
2659.929932	36414
2660.189941	37985
2660.449951	36018
2660.72998	38151
2661.030029	37964
2661.300049	38552
2661.98999	38418
2662.439941	39020
2663.540039	38767
2663.969971	37319
2665.030029	36966
2665.429932	36285
2666.439941	37162
2666.790039	38182
2667.659912	38604
2668	35710
2668.830078	37640
2669.25	37015
2670.290039	37251
2670.550049	36188
2670.830078	38702
2671.120117	36687
2671.419922	36461
2671.629883	38893
2672.169922	38697
2673.52002	38435
2673.830078	36230
2674.580078	36125
2674.77002	36396
2674.919922	38576
2675.080078	38631
2675.26001	36250
2675.459961	36509
2675.949951	36259
2677.179932	36226
2677.51001	37941
2678.340088	37971
2678.879883	36598
2679	36971
2679.310059	36814
2680.070068	37077
2680.26001	37853
2680.469971	37600
2680.689941	37260
2680.929932	35751
2681.169922	36410
2681.780029	36075
2682.189941	37593
2682.570068	37371
2683.52002	37775
2683.969971	38729
2685.080078	37090
2685.550049	36368
2686.73999	38717
2687.209961	35834
2688.399902	38801
2688.860107	37150
2688.97998	36199
2689.110107	38528
2689.25	38603
2689.409912	37947
2689.580078	37919
2690.01001	38250
2691.090088	35817
2691.800049	37762
2693.560059	36342
2693.860107	38851
2694.600098	36529
2696.459961	37582
2697.01001	36289
2698.379883	36814
2698.820068	36670
2699.929932	35634
2700.550049	36064
2702.090088	38186
2702.649902	36476
2704.040039	38163
2704.639893	38276
2706.129883	38769
2706.659912	37914
2708	37167
2708.340088	37713
2708.689941	37831
2709.060059	37697
2709.409912	38924
2709.780029	37169
2710.699951	38959
2713	36868
2713.370117	36053
2714.320068	36501
2714.709961	36420
2714.810059	37400
2714.919922	37147
2715.040039	37481
2715.179932	37943
2715.320068	38235
2715.689941	38680
2716.590088	37411
2716.820068	38575
2717.060059	38486
2717.310059	36637
2717.570068	38624
2717.830078	35640
2718.5	36711
2718.669922	36591
2718.850098	37689
2719.050049	37085
2719.26001	35934
2719.48999	36161
2720.050049	38436
2720.320068	36269
2721.02002	37953
2722.76001	36509
2723.040039	36244
2723.110107	36246
2723.189941	35865
2723.27002	35719
2723.370117	36184
2723.469971	35973
2723.72998	36225
2724.370117	36463
2725.97998	37614
2726.47998	36107
2727.72998	36713
2728.429932	38949
2728.969971	38494
2730.320068	38603
2730.909912	37234
2732.350098	37202
2732.959961	39031
2734.469971	36878
2734.840088	36384
2735.23999	38782
2735.659912	35916
2736.050049	36911
2736.459961	38445
2737.47998	37706
2738.899902	36753
2739	37069
2739.25	36868
2739.320068	35716
2739.47998	38657
2739.530029	36340
2739.570068	36698
2739.620117	35865
2739.679932	37548
2739.73999	36523
2739.889893	36535
2739.929932	36867
2739.97998	37710
2740.02002	38148
2740.070068	38128
2740.129883	37070
2740.27002	37982
2740.629883	37654
2740.699951	38102
2740.889893	38148
2741.370117	38006
2741.449951	36840
2741.669922	37174
2742.209961	38163
2742.330078	38929
2742.639893	37809
2742.709961	36206
2742.800049	37187
2742.889893	38962
2742.98999	38247
2743.100098	36221
2743.379883	38410
2744.090088	36876
2744.22998	37235
2744.580078	38041
2744.659912	38519
2744.76001	38179
2744.860107	36134
2744.97998	36879
2745.110107	36899
2745.429932	38481
2745.600098	36472
2746.01001	37024
2747.040039	37593
2747.159912	37690
2747.449951	35988
2748.189941	38560
2748.370117	36503
2748.840088	37817
2748.959961	38381
2749.090088	36419
2749.22998	37328
2749.389893	37874
2749.570068	35914
2750	38763
2750.209961	38976
2750.719971	38628
2750.850098	37767
2750.98999	35850
2751.149902	36462
2751.320068	35747
2751.47998	38572
2751.879883	35964
2751.97998	38361
2752.090088	35914
2752.209961	37185
2752.340088	39050
2752.48999	36087
2752.850098	35718
2753.76001	38667
2753.919922	37950
2754.320068	37457
2754.419922	36385
2754.530029	36814
2754.649902	38725
2754.790039	37144
2754.929932	38874
2755.300049	38639
2756.219971	36083
2756.439941	38551
2757	38307
2757.300049	38761
2758.050049	38427
2759.929932	36189
2760.110107	37436
2760.580078	37950
2761.75	36144
2762.040039	36572
2762.350098	37528
2762.610107	38122
2762.889893	38947
2763.179932	36020
2763.909912	35893
2764.320068	36026
2765.340088	36760
2765.590088	38966
2765.860107	36117
2766.139893	37720
2766.389893	37289
2766.649902	36114
2767.300049	35995
2767.469971	38083
2767.659912	36396
2767.870117	38208
2768.080078	36041
2768.310059	38020
2768.879883	36554
2769	37069
2769.300049	36247
2770.060059	37229
2770.25	35712
2770.459961	39047
2770.679932	37295
2770.909912	36358
2771.129883	37213
2771.669922	36044
2773.030029	35755
2773.379883	38833
2774.27002	36535
2774.570068	37022
2775.340088	36651
2775.530029	38088
2775.73999	37616
2775.959961	36653
2776.169922	38778
2776.379883	37540
2776.909912	37175
2777.050049	35969
2777.199951	35664
2777.360107	38817
2777.540039	36638
2777.73999	36765
2778.22998	36961
2779.459961	39027
2779.919922	38166
2781.050049	35835
2781.340088	37977
2781.639893	35831
2781.919922	35761
2782.219971	38477
2782.530029	37009
2783.310059	38535
2783.850098	35938
2785.199951	35912
2785.73999	38024
2787.060059	38962
2787.620117	37788
2789.01001	38598
2789.679932	37876
2791.350098	36331
2791.830078	38827
2791.949951	36347
2792.080078	36800
2792.22998	35882
2792.389893	38527
2792.560059	36971
2793	36083
2794.100098	38807
2794.379883	38494
2794.669922	37565
2794.969971	36461
2795.290039	36202
2795.620117	36623
2796.459961	36495
2796.659912	36208
2796.879883	38012
2797.110107	37704
2797.360107	37332
2797.610107	37257
2798.23999	36996
2798.560059	37133
2799.350098	38990
2799.899902	38690
2799.909912	37124
2799.919922	35632
2799.929932	37182
2799.939941	37769
2799.959961	37323
2799.98999	37696
2800	37461
2800.030029	38819
2800.100098	37644
2800.27002	37161
2800.320068	38402
2800.459961	39059
2800.800049	35913
2800.870117	39036
2801.060059	36702
2801.129883	36124
2801.300049	36819
2801.73999	38825
2801.810059	38244
2801.97998	36411
2802.419922	37271
2802.5	37644
2802.709961	36436
2803.219971	37542
2803.310059	38522
2803.51001	38783
2803.560059	35644
2803.610107	36889
2803.669922	36087
2803.73999	36973
2803.820068	36512
2804	38278
2804.469971	38919
2804.570068	36739
2804.830078	38759
2805.459961	35886
2805.570068	36981
2805.850098	38288
2806.530029	37848
2806.659912	36750
2806.97998	38700
2807.060059	37835
2807.149902	37906
2807.22998	38130
2807.330078	37312
2807.429932	36526
2807.679932	35939
2807.860107	38069
2808.01001	36648
2808.379883	36855
2808.590088	36085
2809.100098	37269
2810.379883	37992
2810.540039	38235
2810.949951	37077
2811.969971	38588
2812.219971	38306
2812.850098	38754
2814.419922	38364
2814.580078	37658
2814.969971	37723
2815.949951	37668
2816.129883	38407
2816.580078	36347
2817.689941	36327
2817.919922	35803
2818.51001	35822
2819.959961	38307
2820.23999	35961
2820.919922	36503
2821.280029	38281
2822.179932	37671
2822.48999	36671
2823.27002	37188
2823.620117	36855
2824.48999	38582
2824.709961	38885
2824.929932	37452
2825.169922	35927
2825.429932	37693
2825.669922	38543
2826.27002	36722
2827.77002	35945
2828.090088	38386
2828.879883	36595
2830	38050
2830.280029	36000
2830.580078	36398
2830.889893	38828
2831.209961	35890
2831.550049	36747
2832.409912	37398
2834.550049	39103
2834.840088	35918
2835.570068	38208
2837.409912	36770
2837.850098	38616
2838.969971	37301
2839.530029	37549
2840.919922	37259
2841.459961	36456
2842.790039	36839
2843.300049	37868
2844.560059	35907
2845.120117	37788
2846.51001	37633
2847	36369
2848.219971	36575
2848.810059	37153
2849.280029	37719
2850.469971	38930
2850.77002	36631
2851.080078	38604
2851.409912	36444
2851.75	38340
2852.110107	36777
2853.01001	37502
2853.570068	35801
2854.949951	38987
2855.590088	37160
2857.179932	39043
2857.870117	38664
2859.600098	38722
2860.120117	35864
2860.899902	39001
2861	37756
2861.25	37817
2861.879883	36550
2861.969971	38230
2862.199951	35887
2862.25	39219
2862.320068	37387
2862.389893	39157
2862.459961	37925
2862.550049	37045
2862.76001	37514
2863.290039	38115
2864.610107	35848
2864.879883	36409
2865.540039	38226
2865.800049	37846
2866.459961	38690
2866.77002	38512
2867.52002	36925
2869.409912	36230
2869.75	35936
2870.600098	38064
2870.810059	38474
2871.030029	36844
2871.27002	37245
2871.51001	38531
2871.77002	38627
2872.409912	37579
2874.02002	36204
2874.590088	37483
2876.02002	37060
2876.629883	37387
2878.149902	37824
2878.860107	36176
2880.649902	36929
2881.320068	39084
2883	39087
2883.570068	37611
2884.969971	37080
2885.810059	37766
2886.47998	37354
2888.169922	36737
2888.840088	36491
2890.51001	38664
2891.290039	36638
2892	37559
2893.780029	37466
2894.689941	38656
2895.449951	36571
2895.639893	38575
2895.850098	36159
2896.070068	35956
2896.300049	37597
2896.540039	38887
2897.149902	38865
2897.300049	37866
2897.469971	38595
2897.659912	38959
2897.860107	36785
2898.070068	36608
2898.590088	36393
2899.090088	39062
2900.330078	38758
2900.639893	36247
2900.969971	39242
2901.22998	35933
2901.5	36099
2901.780029	38930
2902.48999	38740
2904.27002	38404
2904.75	38022
2905.939941	36890
2906.22998	37245
2906.550049	38424
2906.879883	38140
2907.219971	38464
2907.580078	37387
2908.48999	39079
2910.76001	36023
2911.600098	38591
2913.709961	36886
2914.449951	39246
2916.290039	36831
2916.75	36904
2917.219971	37146
2917.709961	36926
2918.23999	39064
2918.629883	38210
2919.610107	36585
2919.840088	38336
2920.080078	36309
2920.340088	35948
2920.600098	36646
2920.879883	36290
2921.169922	37192
2921.899902	37564
2922	37265
2922.25	36063
2922.879883	38694
2924.439941	36529
2924.649902	37651
2925.189941	37813
2926.540039	39197
2927.219971	37449
2927.800049	36384
2929.280029	38558
2929.949951	38002
2931.639893	38469
2932.429932	36592
2934.399902	36251
2935.219971	36331
2937.280029	38828
2938.050049	38797
2939.969971	37514
2940.840088	39046
2941.050049	36471
2941.280029	38104
2941.52002	37727
2941.77002	38427
2942.040039	38192
2942.699951	36197
2944.340088	37221
2945.199951	38229
2945.419922	36287
2945.639893	37978
2945.879883	37958
2946.129883	36126
2946.389893	36838
2947.040039	37118
2948.669922	36466
2949.459961	37106
2949.659912	37217
2949.879883	36279
2950.110107	38846
2950.350098	36838
2950.610107	38425
2951.23999	35952
2951.409912	38740
2951.590088	36425
2951.790039	37952
2952	38289
2952.22998	36512
2952.780029	37538
2952.899902	36258
2953	37952
2953.25	36866
2953.879883	36538
2955.439941	38527
2956.01001	36640
2957.429932	36665
2957.98999	38859
2959.389893	38924
2960.100098	37037
2961.879883	36450
2962.350098	36277
2963.530029	36380
2963.820068	38989
2964.129883	38859
2964.459961	38873
2964.800049	37827
2965.159912	38377
2966.060059	37108
2968.330078	37294
2969.040039	36072
2970.810059	38544
2971.419922	38512
2972.929932	38490
2973.689941	39346
2975.580078	36612
2976.340088	36557
2976.530029	36455
2976.73999	38756
2976.959961	37239
2977.189941	36412
2977.429932	39295
2978.030029	39076
2979.540039	39073
2979.620117	37905
2979.709961	37743
2979.800049	37044
2979.909912	37353
2980.030029	36987
2980.320068	36131
2981.050049	36386
2982.870117	36993
2983	37952
2983.330078	36110
2984.159912	39216
2986.219971	38503
2986.850098	36393
2988.409912	38827
2988.929932	36483
2990.23999	39258
2990.899902	37989
2992.570068	38968
2993.100098	37119
2994.439941	38614
2995.27002	37407
2997.350098	37113
2998.179932	38820
3000.26001	37780
3000.919922	36595
3002.570068	37866
3003.209961	36034
3004.800049	36161
3005.199951	36055
3005.620117	37636
3006.050049	36576
3006.459961	36561
3006.889893	36607
3007.949951	36714
3010.610107	37039
3011.120117	37071
3012.379883	37785
3013.25	36430
3013.899902	37347
3014	37756
3014.25	36863
3014.879883	38492
3015.399902	36932
3016.709961	38359
3017.040039	38686
3017.379883	36802
3017.73999	36176
3018.120117	37144
3018.52002	39387
3019.5	38915
3021.969971	38670
3022.48999	36865
3023.780029	38143
3024.610107	36431
3025.27002	37635
3026.919922	36765
3027.330078	38352
3027.709961	38696
3028.110107	36735
3028.530029	38555
3028.97998	36076
3030.080078	36206
3030.949951	36918
3033.129883	39371
3033.949951	38974
3034.639893	38640
3035.27002	37880
3036.840088	39121
3037.22998	37775
3037.639893	38855
3038.080078	37461
3038.530029	37547
3039.01001	37609
3040.199951	36174
3040.5	37739
3040.810059	38358
3041.139893	36167
3041.48999	36448
3041.850098	38536
3042.75	39236
3044.899902	37678
3045	38246
3045.25	36217
3045.879883	36585
3046.030029	38414
3046.159912	39159
3046.290039	37866
3046.439941	36169
3046.560059	38528
3046.870117	36267
3046.949951	38168
3047.030029	38538
3047.120117	39144
3047.22998	38240
3047.330078	36850
3047.590088	36652
3048.22998	37570
3048.320068	37015
3048.540039	38839
3049.100098	36045
3049.23999	38378
3049.389893	36512
3049.560059	38827
3049.73999	36534
3049.929932	37456
3049.97998	37122
3050.030029	38712
3050.090088	37969
3050.159912	38148
3050.22998	38733
3050.399902	36596
3050.840088	37902
3051.939941	36160
3052.100098	36956
3052.51001	36881
3052.76001	37203
3053.389893	35992
3053.540039	36339
3053.719971	36960
3053.909912	39275
3054.120117	36777
3054.340088	37714
3054.889893	36595
3055.030029	37511
3055.179932	36690
3055.350098	38383
3055.530029	37863
3055.73999	38829
3056.23999	38784
3056.540039	37091
3057.27002	36794
3057.570068	38614
3058.340088	37073
3058.530029	38500
3058.73999	36866
3058.959961	37171
3059.199951	38970
3059.439941	39147
3060.050049	38592
3061.580078	37300
3061.840088	36455
3062.47998	39364
3062.639893	37487
3062.820068	39262
3063.02002	39137
3063.22998	36276
3063.459961	38390
3064.030029	38202
3065.439941	37375
3065.73999	39121
3066.47998	36677
3066.929932	37249
3068.060059	36074
3068.379883	39040
3069.169922	38745
3069.370117	36684
3069.590088	39396
3069.820068	37337
3070.060059	39323
3070.300049	38553
3070.909912	38740
3072.449951	39367
3072.689941	38669
3073	37952
3073.76001	37968
3074.139893	37469
3075.090088	36861
3075.389893	37148
3076.149902	36122
3076.600098	39199
3077.75	37724
3078.189941	36336
3079.290039	37240
3079.75	39156
3080.919922	38861
3081.439941	36912
3082.75	36271
3083.129883	36834
3083.449951	37875
3084.25	36459
3086.25	36040
3086.52002	39168
3086.76001	37504
3087.340088	39172
3087.48999	36466
3087.649902	39055
3087.830078	38594
3088.02002	37543
3088.23999	39267
3088.780029	36236
3090.129883	37290
3090.320068	37690
3090.800049	39340
3091.179932	36097
3092.149902	38076
3092.389893	36605
3092.639893	36755
3092.909912	36461
3093.189941	37355
3093.47998	37730
3094.209961	38937
3094.72998	37307
3096.030029	38147
3096.600098	37700
3098.01001	37466
3098.659912	36410
3100.290039	36082
3100.939941	36448
3102.560059	36255
3103.139893	37910
3103.899902	36492
3104	38050
3104.25	39000
3104.879883	38946
3104.959961	38597
3105.159912	39114
3105.669922	37945
3105.73999	39038
3105.919922	36702
3106.040039	38454
3106.330078	38416
3107.050049	38858
3107.179932	37422
3107.5	39427
3108.300049	37994
3108.409912	36118
3108.679932	36538
3108.810059	37226
3109.159912	37164
3109.25	38339
3109.340088	36239
3109.449951	39349
3109.560059	39018
3109.689941	36227
3110.01001	37061
3110.159912	38271
3110.51001	37103
3111.399902	39346
3111.51001	37791
3111.790039	36141
3112	39062
3112.51001	38235
3112.639893	37379
3112.780029	37449
3112.939941	39295
3113.050049	38197
3113.169922	38239
3113.47998	36485
3114.26001	37051
3114.370117	38512
3114.669922	38211
3114.909912	37267
3115.51001	39311
3115.669922	38452
3116.070068	38866
3117.070068	36173
3117.219971	39438
3117.600098	38272
3118.540039	39259
3118.77002	37442
3119.340088	39423
3119.620117	38406
3120.340088	38835
3120.590088	37465
3121.199951	37761
3121.560059	36692
3122.449951	39175
3122.780029	38866
3123.590088	37977
3125.620117	36421
3125.830078	38106
3126.360107	38155
3127.669922	37347
3128.050049	36660
3128.379883	38951
3129.199951	36283
3129.52002	37580
3130.300049	39535
3130.48999	36234
3130.709961	39359
3130.929932	37440
3131.149902	36155
3131.379883	36278
3131.939941	38215
3132.300049	36233
3133.189941	38538
3133.649902	36146
3133.899902	36674
3134	37952
3134.25	36997
3134.879883	38402
3135.060059	38400
3135.52002	36197
3136.679932	36459
3136.889893	36288
3137.419922	36767
3138.72998	38972
3138.959961	39487
3139.540039	39261
3140.98999	38719
3141.350098	38598
3142.23999	38951
3142.709961	38086
3143.879883	36752
3144.320068	36528
3145.429932	36179
3145.949951	39505
3147.27002	38778
3147.790039	39088
3149.100098	38712
3149.5	38181
3150.47998	39494
3151.129883	38169
3152.73999	39492
3153.199951	36134
3154.379883	39401
3154.669922	38261
3154.97998	36753
3155.300049	37365
3155.639893	38817
3156	36680
3156.889893	38636
3159.129883	38075
3159.560059	37116
3160.659912	37613
3161.189941	39301
3162.530029	38094
3163.100098	37023
3164.52002	36508
3164.899902	38322
3165	38442
3165.25	37690
3165.879883	36410
3166.030029	37112
3166.199951	36899
3166.389893	38087
3166.600098	37668
3166.820068	39127
3167.370117	37828
3167.51001	36195
3167.659912	38635
3167.830078	36970
3168.01001	37188
3168.219971	37820
3168.719971	38422
3169.98999	38517
3170.429932	36381
3171.540039	36318
3172.080078	36479
3172.51001	36502
3173.590088	38123
3174.01001	38378
3175.080078	38282
3175.5	36604
3176.570068	38201
3176.939941	39586
3177.850098	37042
3180.120117	37140
3180.429932	38769
3181.209961	36859
3181.649902	37718
3182.75	38657
3183.120117	38445
3184.050049	36943
3184.280029	37982
3184.52002	36667
3184.780029	39261
3185.040039	37233
3185.320068	38769
3186.030029	37683
3186.5	37909
3187.699951	38773
3188.030029	38564
3188.850098	37349
3189.310059	36363
3190.449951	39353
3190.860107	37630
3191.899902	36436
3192.159912	38336
3192.439941	38741
3192.719971	39104
3193.02002	37962
3193.340088	36729
3194.129883	36192
3195	38540
3195.419922	38180
3196.469971	39063
3196.830078	39460
3197.72998	38569
3199.97998	36973
3200.290039	37247
3201.050049	36735
3202.949951	36566
3203.560059	37179
3205.090088	38151
3205.570068	36192
3206.780029	38202
3207.090088	36463
3207.399902	39518
3207.73999	37974
3208.090088	38935
3208.419922	38827
3209.27002	37227
3211.370117	38478
3211.77002	38275
3212.75	39034
3213.340088	39498
3214.820068	37156
3215.419922	36466
3216.889893	38536
3217.350098	38183
3218.5	36835
3219.159912	38491
3220.810059	36258
3221.399902	37445
3222.870117	39449
3223.179932	38158
3223.51001	38485
3223.860107	36787
3224.209961	39496
3224.580078	37299
3225.51001	39498
3226	38540
3227.22998	38037
3227.909912	36677
3229.629883	37419
3230.22998	38453
3231.76001	37634
3232.25	38910
3233.47998	36422
3234.149902	37404
3235.830078	37422
3236.129883	36633
3236.899902	36617
3238.830078	39526
3239.090088	36536
3239.75	36995
3240.26001	37977
3241.540039	37643
3242.080078	37079
3243.429932	38411
3244.169922	38175
3246.02002	39266
3246.620117	36306
3248.129883	38525
3248.679932	36686
3250.060059	37982
3250.73999	36586
3252.439941	39476
3253.129883	38445
3254.850098	37779
3255.280029	39462
3256.360107	39422
3256.899902	36307
3257	37461
