Day,Oil Rate SC,Gas Rate SC,Water Rate SC,Well Bottom-hole Pressure
1127.0,6050.446716,2604876.389,0.314857421,56638.47096
1128.0,6070.185849,2434000.852,0.397091009,54522.89713
1129.0,5922.209509,2495778.818,0.430951887,53082.00078
1130.0,5811.45499,2598043.512,0.464251098,54559.08046
1131.0,5687.746178,2632944.917,0.459078362,53398.27839
1132.0,6079.698289,2447286.902,0.488844143,54026.54003
1133.0,5730.304834,2508326.334,0.444255887,54555.52765
1134.0,5577.941397,2589019.484,0.461770328,53365.06112
1135.0,5647.860925,2437184.574,0.465728213,52885.69024
1136.0,5838.01629,2487613.113,0.468573635,53973.58305
1137.0,5960.525867,2551166.63,0.515672769,53920.15284
1138.0,7070.657452,2878342.22,0.751550084,51410.82346
1139.0,7159.151427,2908282.667,0.695597243,50817.02581
1140.0,7001.272483,3052015.138,0.696165336,51266.25285
1141.0,5891.277092,2348139.645,0.52164787,53288.3088
1142.0,5804.632599,2337968.918,0.487963418,54007.66664
1143.0,5923.545005,2525446.602,0.50570647,52267.64096
1144.0,5509.082096,2516608.22,0.559960354,52943.68715
1145.0,7343.377251,3210713.024,0.737191598,52292.74414
1146.0,5481.063798,2337453.64,0.506849227,51252.98523
1147.0,5539.897262,2474202.505,0.495950621,51899.61504
1148.0,4694.670212,2166860.363,0.400247494,52796.54696
1149.0,4659.456459,2198500.763,0.384152966,53946.50573
1150.0,4647.039034,2087303.324,0.394857025,53526.46964
1151.0,4905.549588,2005072.682,0.390374305,54362.60202
1152.0,4936.002439,2161067.898,0.399811595,52440.36683
1153.0,4809.072041,2111909.6,0.381607847,54537.40513
1154.0,5835.925759,2582647.252,0.581836797,52580.29041
1155.0,6164.105007,2592802.771,0.61029986,52033.61967
1156.0,6007.81582,2593858.147,0.557997879,53488.46787
1157.0,5015.330327,2021384.896,0.434529263,53495.84932
1158.0,4839.890496,2121953.215,0.426206219,53446.47021
1159.0,4905.043231,2043497.409,0.416155064,54500.14892
1160.0,4779.256235,2072520.531,0.448044642,53926.84932
1161.0,4820.445206,2155590.435,0.421510014,54215.75031
1162.0,4889.729911,2211805.203,0.433596534,52527.89677
1163.0,4785.685952,2025639.914,0.412176882,54251.45251
1164.0,5124.588657,2143095.042,0.391430482,52629.66223
1165.0,4861.859745,2201891.864,0.44212932,52065.87433
1166.0,4796.282305,2048101.23,0.410523021,52401.92531
1167.0,5713.843629,2468119.543,0.624312242,51656.255
1167.4,4781.931069,2070498.209,0.444335829,51878.64099
1168.0,4947.492292,2014410.102,0.422840401,53872.91647
1169.0,4940.548759,2172786.17,0.454510267,53623.70895
1170.0,4781.609494,2034062.655,0.455760474,53074.85349
1171.0,5040.735729,2124977.344,0.451404154,52740.57303
1172.0,4931.262621,2069236.71,0.455775104,53865.54632
1173.0,5042.244597,2148859.063,0.446028342,53485.37943
1174.0,5953.303328,2654009.763,0.573702949,52592.46829
1175.0,6134.42872,2507462.603,0.573995357,52123.80058
1176.0,5878.077519,2661066.987,0.650380296,50868.7144
1177.0,4746.363932,2020776.22,0.43279365,51603.60879
1178.0,4825.869181,2086758.761,0.429426465,53135.29275
1179.0,4649.46361,2106358.989,0.443138575,53018.02721
1180.0,5053.488583,2088659.878,0.452004425,52321.34107
1181.0,5114.241713,2015960.669,0.430442126,53965.78997
1182.0,4993.07852,2088272.118,0.437373605,52833.31548
1183.0,4719.604627,2180905.482,0.415735181,53118.49317
1184.0,4976.670435,2180807.74,0.442932492,52204.11358
1185.0,4789.32654,2207000.929,0.463568086,52091.52333
1186.0,5118.890333,2116017.234,0.437422353,53512.98785
1187.0,4681.237865,2119438.45,0.418047756,51823.52971
1187.8,5048.392144,2121883.743,0.420260148,51814.31114
1188.0,4927.312898,2058495.62,0.438752826,52293.89015
1189.0,5076.910631,2128527.869,0.469448248,52779.3819
1190.0,5116.110757,2112599.638,0.434863751,53647.10214
1191.0,7044.653637,3189307.099,0.844810088,50956.19222
1191.6,5861.199793,2522009.492,0.613454169,51105.64084
1192.0,4817.235051,2129650.235,0.457366781,53637.60721
1193.0,4920.296742,2001381.222,0.438050841,53889.13933
1194.0,4899.602012,2121256.21,0.480824683,52525.38815
1195.0,5140.685068,2045875.423,0.466359253,53832.56225
1196.0,4733.993659,2191785.266,0.480284818,54037.81444
1197.0,4929.839186,2149656.062,0.49491069,52663.19152
1198.0,4883.763253,2154230.416,0.442103465,52069.80049
1199.0,5134.351492,2216576.974,0.455585371,52974.06637
1200.0,4844.473685,2120949.855,0.49529101,52094.57958
1201.0,4817.851237,2223109.581,0.483243437,52245.64587
1202.0,4851.100163,2099584.78,0.446700033,53273.57457
1203.0,5092.299688,2012059.44,0.503109238,52033.07202
1204.0,0.0,0.0,0.0,52657.00774
1205.0,0.0,0.0,0.0,53768.57463
1206.0,0.0,0.0,0.0,53539.03877
1207.0,4981.605502,2202590.168,0.366556973,55192.29167
1208.0,4846.732894,2141281.016,0.440718046,52429.8894
1209.0,5016.300221,2144482.879,0.468298228,52322.71832
1210.0,5949.555703,2517053.874,0.575775331,53546.77483
1211.0,5585.971848,2560976.789,0.60362432,51402.25076
1212.0,5931.592959,2554985.517,0.574181958,52190.50921
1213.0,5708.068419,2379263.984,0.579487579,51111.81046
1214.0,5498.644947,2471669.334,0.606476513,52360.81071
1215.0,5859.279866,2419613.361,0.603965952,51471.29818
1216.0,5890.910899,2614660.151,0.640346686,50877.16902
1217.0,5842.603192,2656482.111,0.628192483,51749.36956
1218.0,5738.230481,2587690.496,0.669664211,51900.88514
1219.0,6236.347906,2495045.203,0.638249528,50826.15823
1219.6,5723.779707,2467341.968,0.658647917,52278.94613
1220.0,6152.961996,2673955.475,0.705752924,50402.63637
1221.0,6019.394834,2541517.185,0.752486975,51697.49015
1222.0,4823.74475,2108963.507,0.497721936,52267.46165
1223.0,4640.315793,2058955.625,0.453177729,52568.88097
1224.0,5118.206959,2104166.554,0.516415578,51440.35251
1225.0,5033.277045,2190343.203,0.467573317,52344.02045
1226.0,4695.865031,2052413.149,0.501726778,53206.52272
1227.0,4787.921377,2222639.76,0.51657881,51479.57264
1228.0,5851.020962,2440671.246,0.657671372,52154.88444
1228.8,4660.138073,2063196.859,0.53159339,53081.21376
1229.0,4832.748901,2170191.109,0.45927186,52396.85936
1230.0,5051.48776,2020146.163,0.508920199,52450.3648
1231.0,5094.883215,2200812.448,0.507137062,51431.6648
1232.0,4677.383543,2045970.833,0.471020769,51702.8953
1233.0,4916.326979,2124535.59,0.452656368,51518.28163
1234.0,4940.590567,2022961.663,0.50246364,52702.88952
1235.0,4647.582266,2140509.383,0.495444837,53006.19239
1236.0,5116.851755,2056280.574,0.499024014,53557.91109
1237.0,5671.021337,2419536.247,0.658503798,52776.29379
1238.0,5997.680606,2604665.687,0.637173798,52006.81642
1239.0,5673.330062,2370070.41,0.699884816,50887.47709
1240.0,5043.010719,2030507.867,0.508511045,53132.21557
1241.0,4900.741848,2094189.146,0.486856297,52646.87431
1242.0,4930.460733,2091522.304,0.516172347,51631.22177
1243.0,4714.522851,2162068.899,0.469620168,52080.07198
1244.0,5099.669864,2172998.136,0.494414502,51547.66832
1245.0,4655.715015,2098015.53,0.533889931,51182.23198
1246.0,5073.24533,2153958.348,0.51468335,52971.5176
1247.0,4818.908797,2166098.853,0.543152102,52368.02636
1248.0,5048.553693,2029675.655,0.536463214,52112.99806
1249.0,5092.659085,2012609.291,0.506335193,52678.99501
1250.0,4666.191524,2003250.475,0.517743536,52133.23416
1251.0,5077.684029,2026664.67,0.538903388,51995.63428
1252.0,4780.989585,2215701.919,0.539467012,51131.78351
1253.0,5051.064725,2101634.937,0.532470091,51364.0808
1254.0,4993.859137,2108077.349,0.490159501,52786.10608
1255.0,4959.703483,2215552.974,0.475925489,53068.39548
1256.0,4994.959305,2221686.542,0.476470742,53188.29197
1257.0,4851.905702,2202818.305,0.536931236,53416.61069
1258.0,4851.185188,2187568.45,0.519555996,51177.99531
1259.0,4954.710345,2110745.208,0.484096317,53055.50051
1260.0,5090.758692,2018103.018,0.526729004,52252.53184
1261.0,5008.957299,2026466.896,0.506811594,53033.71103
1262.0,4748.763092,2067951.447,0.486047179,52101.42314
1263.0,4881.736889,2034295.906,0.540087224,52217.53074
1264.0,4921.653086,2037265.474,0.492062901,51278.44326
1265.0,4661.614242,2156636.495,0.507421817,53366.76708
1266.0,4696.040661,2038884.061,0.523697438,52822.66387
1267.0,4919.303048,2217789.964,0.514221902,52033.69532
1268.0,5145.346074,2068339.191,0.554063405,52557.3649
1269.0,4733.115479,2119408.945,0.49357965,53005.317
1270.0,4891.661628,2139146.361,0.535870661,52174.17145
1271.0,6021.410584,2596240.034,0.695616795,50923.99079
1272.0,5603.838869,2601733.438,0.680420908,51332.0595
1273.0,5878.953436,2458947.356,0.684626459,50928.80029
1274.0,4891.470252,2194656.774,0.495050243,52462.6193
1275.0,4861.139042,2150398.457,0.50047696,51292.86432
1276.0,5037.924889,2151219.043,0.497171672,51315.09953
1277.0,4860.461378,2099846.429,0.480453143,53127.07387
1278.0,4689.542626,2179582.72,0.550792157,52749.64711
1279.0,4769.583308,2171074.542,0.479894698,52197.53645
1280.0,5031.187183,2106522.705,0.539598276,51501.44386
1281.0,4964.67698,2065832.345,0.481978505,52315.73211
1282.0,5026.607702,2057976.684,0.539172503,52908.33309
1283.0,4776.483813,2160852.065,0.53648896,52736.10739
1284.0,4926.83128,2017788.175,0.558261377,51494.47527
1285.0,4811.55219,2020575.764,0.530442901,52364.17319
1286.0,4709.096857,2070165.444,0.494807132,52017.60207
1287.0,5026.846101,2119275.637,0.54672867,51544.73677
1288.0,5865.520406,2493076.167,0.729445752,51767.00982
1289.0,5969.83801,2499277.544,0.736469021,51637.48105
1290.0,4795.222798,2211505.994,0.567725624,50657.00614
1291.0,4776.62044,2138532.537,0.534617499,52429.00686
1292.0,4762.250546,2112975.88,0.536211412,51783.08911
1293.0,4670.702247,2169621.047,0.564212507,52143.01748
1294.0,4898.395281,2055525.25,0.506528778,51371.00548
1295.0,5014.939132,2164918.647,0.503279404,51330.94107
1296.0,4753.049471,2181562.096,0.563877081,52335.65426
1297.0,4880.54106,2072233.235,0.493230584,52061.11457
1298.0,4900.62475,2106284.287,0.526957924,51795.20707
1299.0,5062.775851,2156812.268,0.528260294,52825.94075
1300.0,5107.314127,2029223.14,0.545168416,52058.41442
1301.0,4749.637409,2172475.516,0.493418734,51722.33904
1302.0,4759.356231,2175504.162,0.511707652,51249.98559
1303.0,5131.93732,2090874.66,0.498711138,52267.89652
1304.0,4736.224312,2026081.511,0.564866435,51405.34728
1305.0,5029.38933,2190158.47,0.55065198,52856.37584
1305.5,4885.558177,2128035.496,0.557897015,51325.75883
1306.0,5122.726936,2218854.666,0.492148635,52722.83857
1307.0,4982.097078,2006651.812,0.490402739,53149.35994
1308.0,5050.23472,2117673.42,0.540819973,51599.52348
1309.0,4711.401843,2222717.299,0.5344712,51571.58379
1310.0,4825.656794,2071859.279,0.51104653,51487.87132
1311.0,0.0,0.0,0.0,52683.05968
1312.0,0.0,0.0,0.0,52566.22549
1313.0,4856.946593,2108573.925,0.438056802,53112.90754
1314.0,4692.487654,2094566.164,0.440571371,53096.12183
1315.0,4782.239698,2086960.336,0.51168378,53346.06096
1316.0,4868.556928,2138681.158,0.514753076,52078.19658
1317.0,4754.94192,2111897.338,0.462850516,53191.4519
1318.0,5134.863056,2061934.658,0.469697899,51974.59962
1319.0,4982.192932,2036651.302,0.487918135,53367.98239
1320.0,4796.495356,2228400.722,0.482391619,52752.68528
1321.0,5926.812383,2460543.016,0.65078402,52734.93073
1322.0,5867.955496,2576396.081,0.753577167,50248.62392
1323.0,4870.984506,2105887.638,0.498337097,52327.79955
1324.0,5076.954516,2029778.811,0.551582481,51616.3148
1325.0,5009.129328,2162256.686,0.502949287,50942.05183
1326.0,5060.742286,2126990.192,0.496353464,52810.74687
1327.0,5108.415279,2106874.157,0.536999275,51186.34051
1328.0,4978.546687,2130650.111,0.513689881,52375.7562
1329.0,4887.355772,2198066.543,0.528964412,50925.43473
1330.0,5143.716212,2100291.598,0.491690449,52391.16528
1331.0,4943.804835,2030439.428,0.533003666,52146.83661
1332.0,5180.623815,2228490.92,0.498406429,52479.95092
1333.0,4959.462677,2117346.307,0.53072719,51625.83263
1334.0,4709.512913,2098262.796,0.553975413,52988.50339
1335.0,4769.912246,2134540.738,0.485956561,50863.76251
1336.0,4779.769615,2237707.212,0.510795258,52328.58489
1337.0,4921.021007,2134740.56,0.484495238,50915.59338
1338.0,6313.417021,2683184.502,0.737428898,52452.32713
1338.5,4749.756682,2208056.981,0.509352824,51899.32
1339.0,4699.160644,2112470.427,0.5405563,51383.52817
1340.0,5171.104453,2176950.761,0.551288832,52369.62981
1341.0,4922.104277,2197922.246,0.510236549,51531.97888
1342.0,4702.849768,2191232.964,0.558462959,52429.29309
1343.0,4693.438742,2193190.984,0.570329892,52121.41433
1344.0,4760.074756,2173459.528,0.554451894,52157.20397
1345.0,4929.556484,2159238.314,0.559211099,51715.29299
1346.0,4803.720968,2226935.356,0.51716926,51916.30278
1347.0,5110.478487,2225929.201,0.50124728,52348.76196
1348.0,5160.539618,2097094.158,0.53473356,51094.93784
1349.0,4862.184001,2071842.179,0.514045755,51150.19144
1350.0,5042.559146,2041545.062,0.551840858,51859.50332
1351.0,4762.111584,2252065.441,0.532707854,51976.78536
1352.0,5103.279603,2246428.914,0.570960341,53196.77374
1353.0,5079.951733,2199536.722,0.557720818,52583.05702
1354.0,5031.657316,2086141.795,0.570706862,52252.7163
1355.0,5035.196796,2133329.965,0.527587358,52042.11191
1356.0,5185.048387,2026643.541,0.56486803,51159.4123
1357.0,4854.255254,2148588.954,0.513497152,52761.0012
1358.0,6182.410715,2586190.545,0.717243342,51124.50619
1359.0,4754.534882,2192636.01,0.51049201,51377.07729
1360.0,5605.44331,2418737.799,0.719613648,51988.54471
1361.0,5473.266927,2409497.357,0.683485498,50087.98452
1362.0,5838.870435,2349310.687,0.687401636,51278.00121
1363.0,5690.864662,2590891.776,0.674077373,51480.39653
1364.0,5522.252404,2457842.697,0.672061016,51346.05048
1365.0,5111.718938,2023893.652,0.560729256,51528.79249
1366.0,4808.882514,2055959.295,0.523309477,50748.03952
1367.0,5011.490718,2138387.447,0.544158602,51830.04092
1368.0,4987.28346,2104825.853,0.529776806,51475.61111
1369.0,4821.072609,2075936.249,0.550674398,52696.76653
1370.0,4716.778223,2205786.747,0.54534416,50690.95006
1371.0,5036.034343,2246444.179,0.540486792,51662.15892
1372.0,5182.310882,2105129.71,0.550509868,50827.46561
1373.0,4777.882209,2208699.503,0.538102239,50918.55575
1374.0,5116.104685,2092686.243,0.568936571,52470.45889
1375.0,5195.991703,2219939.002,0.57692198,52483.8928
1376.0,5022.196892,2245633.365,0.575045035,53074.0194
1377.0,5013.043541,2086078.616,0.545126073,52988.8421
1378.0,4822.399098,2076936.474,0.528706453,50818.88504
1379.0,4995.479125,2207002.197,0.548014341,53014.10576
1380.0,4951.443368,2253074.015,0.551934757,51438.74402
1381.0,5069.373597,2170280.955,0.575597946,51463.13778
1382.0,4975.308375,2213097.013,0.563244979,52712.94846
1383.0,5148.780307,2248639.842,0.500368008,52794.77861
1384.0,4800.218374,2212116.676,0.555882809,52893.80137
1385.0,5050.525967,2177104.071,0.500546697,51274.95684
1386.0,5230.401755,2195557.456,0.564099849,52309.77929
1387.0,5011.883399,2248963.757,0.563792772,51006.22304
1388.0,0.0,0.0,0.0,53450.93661
1389.0,0.0,0.0,0.0,53049.14591
1390.0,0.0,0.0,0.0,52730.15184
1391.0,0.0,0.0,0.0,52037.11761
1392.0,4921.909381,2118461.724,0.400077867,52330.40888
1393.0,4988.62881,2287523.644,0.458096414,52716.7227
1394.0,4824.907355,2079132.052,0.457138419,51367.45199
1395.0,5140.080071,2170398.665,0.476588489,52956.11556
1396.0,5117.243984,2068444.353,0.508452715,52521.21837
1397.0,4901.859539,2193117.619,0.527041154,52288.00306
1398.0,5102.142012,2233955.916,0.547398923,52670.38217
1399.0,4849.804581,2115532.753,0.506397809,51534.10627
1400.0,4882.886262,2189928.896,0.533945912,52354.93548
1401.0,5908.430203,2646841.194,0.688155767,52452.68749
1401.5,5139.582878,2200815.301,0.551484751,52346.25666
1402.0,5609.302945,2508558.546,0.725545722,50349.11698
1403.0,5770.725776,2569851.688,0.709390213,51936.06176
1404.0,4862.775993,2210024.517,0.545948353,50476.62413
1405.0,5003.900854,2173844.792,0.526736671,52650.45641
1406.0,4792.078305,2217572.069,0.559935731,52574.65012
1407.0,4797.10698,2161534.013,0.552197762,51601.8156
1408.0,5052.647868,2211942.632,0.515851013,51265.11244
1409.0,5182.062957,2079719.547,0.552386366,52321.13089
1410.0,5208.728401,2203869.751,0.553529598,52475.3671
1411.0,4830.759505,2049620.741,0.53501452,52203.04837
1412.0,4846.14284,2169195.136,0.537141136,52231.40319
1413.0,5074.088552,2265217.304,0.555803647,51291.83025
1414.0,5248.151341,2228089.645,0.564238369,52717.69199
1415.0,5224.629912,2189928.273,0.515131293,50878.22332
1416.0,4782.063496,2220297.687,0.552943838,52889.31737
1417.0,6092.7497,2738884.234,0.725226573,51182.77467
1418.0,6298.991286,2599078.825,0.814094478,51471.62527
1419.0,6009.131898,2622808.771,0.760080769,50627.11946
1420.0,4828.803184,2125818.983,0.527644952,51785.25732
1421.0,5158.464271,2230451.079,0.510105927,52065.76122
1422.0,5103.383679,2094772.869,0.528981463,51027.37879
1423.0,5011.795573,2162501.672,0.503618459,50685.00656
1424.0,4789.551501,2199786.939,0.501446236,51509.38032
1425.0,4902.656666,2263945.589,0.523187237,52235.73315
1426.0,4863.898173,2245151.926,0.531632739,51596.64191
1427.0,4808.331266,2127455.696,0.545448123,51163.67688
1428.0,5156.903444,2089434.105,0.498200099,51695.35199
1429.0,5661.06989,2420707.898,0.678355907,52266.14958
1429.8,5181.048322,2137509.526,0.590130127,50669.93125
1430.0,5138.366851,2057737.112,0.51455514,50769.54183
1431.0,5043.472949,2042692.442,0.569283965,51229.77783
1432.0,5189.838197,2262932.247,0.546263442,51609.11002
1433.0,4960.684706,2113135.1,0.533029215,51244.65628
1434.0,4765.010027,2155774.274,0.561218174,51347.04504
1435.0,4999.187405,2136362.055,0.542102877,51475.24358
1436.0,4759.44242,2106304.986,0.522841438,51385.13038
1437.0,5093.498619,2097113.492,0.577570541,52085.99162
1438.0,5128.168748,2248951.532,0.562156872,50841.37666
1439.0,5161.638062,2065663.355,0.570596961,51619.92979
1440.0,6264.254842,2556174.702,0.72475327,50048.12311
1441.0,6144.156306,2533063.592,0.727870807,49417.12385
1442.0,6195.00888,2760010.622,0.797929407,50057.52675
1443.0,6257.261266,2599078.054,0.836454697,51104.62779
1444.0,5906.063174,2600424.623,0.796431606,49504.36852
1445.0,6424.463609,2759292.368,0.77204016,50593.04681
1446.0,4799.370392,2243439.403,0.562152349,50957.25002
1447.0,4831.657082,2141098.788,0.555467649,51399.36632
1448.0,5224.708529,2121398.438,0.535349377,51440.98737
1449.0,5197.924621,2097483.194,0.56142312,52578.94241
1450.0,5010.429953,2176802.165,0.575992069,51351.46097
1451.0,5056.925139,2128690.14,0.56123311,50715.61416
1452.0,5033.807131,2148503.645,0.548079745,51479.65555
1453.0,5237.11696,2215287.521,0.538988305,50661.86977
1454.0,5226.169765,2074155.202,0.57754318,51489.18105
1455.0,5006.851252,2094499.24,0.573521524,52005.72107
1456.0,5203.396084,2191608.699,0.503748558,51137.28151
1457.0,5152.806182,2123799.626,0.54232531,51051.85194
1458.0,5044.63,2050089.76,0.506075623,52952.44672
1459.0,4999.281845,2059254.85,0.503100464,50792.55547
1460.0,4758.663669,2220806.741,0.501419531,51798.31634
1461.0,5100.883624,2182147.749,0.498976576,51050.32431
1462.0,4776.328599,2209725.668,0.511202916,51281.86865
1463.0,5231.114525,2243645.184,0.553199626,50822.19268
1464.0,5088.974961,2117062.274,0.549406859,50700.88464
1465.0,6245.407238,2620741.564,0.720517382,51303.68884
1466.0,6170.014422,2727145.77,0.812230678,51402.53086
1467.0,6257.62832,2568537.879,0.736929405,50074.44145
1467.6,4940.510529,2212874.462,0.577968649,52440.05698
1468.0,4975.223063,2061706.282,0.583802834,51313.34281
1469.0,4797.139999,2181208.998,0.519418436,50601.94081
1470.0,4963.706571,2232782.931,0.552785196,50671.87845
1471.0,4883.0591,2231988.761,0.579575884,52296.90562
1472.0,4834.878329,2232753.296,0.521867175,51486.13754
1473.0,4900.94483,2186517.321,0.562316214,51784.65915
1474.0,4957.92333,2048648.229,0.578936818,50836.75222
1475.0,4802.094342,2113383.242,0.554822802,52872.72161
1476.0,4754.047489,2239027.211,0.537806774,51119.2692
1477.0,5014.49857,2059689.494,0.577078711,51098.67836
1478.0,4805.624373,2141176.082,0.508876732,52309.03529
1479.0,5640.570822,2380020.704,0.695522666,51196.92071
1479.5,5053.981344,2064006.646,0.510328913,50826.65612
1480.0,4834.887868,2258250.457,0.507685122,52467.74053
1481.0,5024.366669,2244096.445,0.565290798,52913.8381
1482.0,4952.001767,2181678.135,0.548365632,52065.75904
1483.0,5205.30757,2204555.813,0.580173408,51627.76889
1484.0,4899.050197,2179373.926,0.580707947,51069.59525
1485.0,5194.261424,2237653.831,0.548730693,50761.7559
1486.0,4848.971915,2172730.683,0.527706975,52425.87558
1487.0,4920.297479,2245661.376,0.500636729,52288.3912
1488.0,5897.177085,2580028.775,0.684819692,51586.67867
1489.0,6281.091909,2600191.86,0.739491821,50733.5934
1490.0,6162.96969,2543101.154,0.772795805,51442.70975
1491.0,6318.48129,2559811.908,0.793196281,51401.51166
1492.0,6096.421332,2623561.325,0.785826725,50379.0384
1493.0,5213.858207,2091870.002,0.537853242,50546.37509
1494.0,4962.24046,2258339.341,0.521994009,52100.40396
1495.0,4951.656295,2175276.413,0.576898565,51195.51741
1496.0,5168.673557,2175652.304,0.536732232,52297.65928
1497.0,5076.70656,2246974.208,0.580689337,52544.04259
1498.0,4856.177294,2148910.464,0.514065197,52345.50073
1499.0,4813.807275,2170925.18,0.570879786,51208.33054
1500.0,5041.070858,2142890.608,0.522122554,51987.12864
1501.0,5149.887438,2268778.868,0.571420886,50815.84182
1502.0,5205.206057,2130075.346,0.567876875,52869.34224
1503.0,4801.146462,2265958.079,0.560452025,51071.44938
1504.0,4829.740202,2231994.968,0.506735252,51871.84084
1505.0,4857.04482,2056457.344,0.578928415,51047.38536
1506.0,5033.752358,2157082.897,0.517790353,52444.12436
1507.0,4777.381243,2155354.223,0.556114004,51348.00147
1508.0,4947.31107,2227680.77,0.511850579,51681.87572
1509.0,4758.723682,2044893.576,0.561947689,51322.01361
1510.0,4843.747214,2138780.036,0.52907377,51797.76473
1511.0,4826.731434,2083734.08,0.581941419,51617.30919
1512.0,4870.163726,2085640.965,0.516086818,51067.83381
1513.0,6052.051256,2534563.405,0.784466356,50771.74808
1514.0,6189.992426,2547069.801,0.811804063,50410.93726
1515.0,4758.577284,2252404.792,0.584688754,50463.21049
1516.0,4866.871696,2197907.908,0.528643144,50872.14275
1517.0,4976.110308,2119167.166,0.570012599,50452.81947
1518.0,5042.172198,2168997.536,0.523736792,52731.12251
1519.0,4827.723874,2089642.224,0.539601584,50624.98706
1520.0,4976.436853,2137998.056,0.574166639,50692.68625
1521.0,4795.201864,2187712.799,0.569987495,51856.00983
1521.8,4803.58145,2251551.344,0.542630967,51516.09568
1522.0,4804.746317,2176908.549,0.567383342,51712.04393
1523.0,4990.218604,2225699.934,0.551370237,50750.06979
1524.0,4858.334742,2196428.584,0.562738613,52268.73921
1525.0,4901.363992,2125562.268,0.568768311,50629.36265
1526.0,4867.39579,2132806.533,0.549579357,51327.16771
1527.0,5190.453458,2112576.623,0.52181204,51671.28235
1528.0,4862.691803,2048196.509,0.602926698,50570.24945
1529.0,4917.182623,2175529.424,0.533620585,52695.23686
1530.0,5894.814778,2527888.052,0.73854737,51755.07287
1531.0,5883.285154,2583692.019,0.825888215,51101.47137
1532.0,5942.113087,2550534.119,0.765798794,49225.2654
1533.0,7177.321836,2979973.221,1.028960086,50770.20129
1534.0,7071.724093,2897907.347,1.056216574,48911.45593
1535.0,6740.554788,3096389.967,1.09105178,49692.57913
1536.0,5724.956688,2528015.56,0.822099024,49702.20927
1537.0,4943.1001,2057876.073,0.589489484,51954.46496
1538.0,5124.44072,2243878.019,0.568382689,51426.59693
1539.0,5086.682154,2224408.071,0.625885476,51868.32634
1540.0,4752.878425,2257981.94,0.605472968,50603.91432
1541.0,4839.548592,2051205.176,0.605909722,51073.74482
1542.0,0.0,0.0,0.0,52904.69727
1543.0,0.0,0.0,0.0,51071.22294
1544.0,0.0,0.0,0.0,51680.1163
1545.0,0.0,0.0,0.0,51773.08735
1546.0,5274.201074,2217997.918,0.458052759,52789.96783
1547.0,4835.000043,2150622.795,0.476879394,52174.59492
1548.0,5087.063156,2060247.453,0.482795472,50618.84242
1549.0,4875.862312,2240667.78,0.519055495,51234.49228
1550.0,5177.222467,2241845.701,0.542337727,50858.07476
1551.0,5134.814564,2211154.411,0.534073597,50724.79588
1552.0,6179.592287,2712950.679,0.750795647,50119.99518
1552.5,5091.083536,2062670.514,0.608947866,50675.13142
1553.0,4872.212669,2206202.261,0.553417892,50393.75308
1554.0,5050.892491,2227859.688,0.596779207,52119.84518
1555.0,5008.803126,2087191.866,0.525690067,51157.31905
1556.0,4910.266641,2153114.145,0.534344034,52368.2734
1557.0,0.0,0.0,0.0,51988.54283
1558.0,0.0,0.0,0.0,52510.69687
1559.0,0.0,0.0,0.0,53267.98995
1560.0,0.0,0.0,0.0,51532.61722
1561.0,0.0,0.0,0.0,52898.16445
1562.0,0.0,0.0,0.0,51569.65666
1563.0,5341.667495,2160474.318,0.459683593,53386.26948
1564.0,4864.567723,2180234.331,0.495571382,51844.30151
1565.0,5068.37578,2169891.383,0.472509742,52956.97805
1566.0,4852.113932,2162316.544,0.521606814,51724.95221
1567.0,4701.007313,2060316.605,0.504069291,52857.17157
1568.0,5032.924623,2183713.61,0.54638874,52051.98156
1569.0,5142.459358,2177863.007,0.564553908,51617.20316
1570.0,5856.70902,2512058.651,0.746392955,51725.69332
1571.0,7079.119319,3105155.006,0.940067278,49688.89591
1572.0,6746.348491,2991343.678,0.985466356,49812.05388
1573.0,6802.105111,2960658.428,1.104379801,49875.55549
1574.0,6743.582807,2981302.947,1.080752362,51177.16511
1575.0,6862.150035,2877299.35,1.129243984,49826.84953
1576.0,5854.610689,2508729.806,0.783353216,50914.53763
1577.0,5474.166278,2533487.874,0.756319995,49482.63065
1578.0,5856.824616,2536689.217,0.749513107,49570.65426
1579.0,4994.577928,2170837.541,0.594473096,49920.26289
1580.0,4792.813672,2004952.55,0.634907862,50159.38829
1581.0,4749.686893,2032647.76,0.623323028,50997.3111
1582.0,4616.957447,2163690.856,0.62335371,51336.61571
1583.0,4614.783642,2133307.573,0.565790454,52195.51939
1584.0,4762.756154,2020356.047,0.614991723,50991.01443
1585.0,4862.496013,2084738.057,0.600279857,50331.02726
1586.0,4936.945065,2054437.668,0.594817692,52287.70924
1587.0,5012.359844,2135105.391,0.571148391,52205.1768
1588.0,4982.465974,2191420.474,0.585803469,50622.57763
1589.0,5003.610073,2022365.073,0.593050682,51745.60542
1590.0,4802.350139,2000084.301,0.596990687,51200.2015
1591.0,4977.076693,2122043.52,0.551494476,50109.68122
1592.0,5898.087712,2615308.254,0.774802713,49547.69993
1593.0,5950.029385,2516674.666,0.773038322,49791.1859
1594.0,5867.692393,2487179.422,0.875511942,49801.68116
1595.0,4863.918244,2038304.029,0.612009204,51701.67633
1596.0,4699.216082,2094790.113,0.627684924,50214.26849
1597.0,4575.912475,2136738.764,0.600267053,51695.53333
1598.0,5042.47063,2144973.315,0.577563759,49979.32283
1599.0,4736.544747,2185616.405,0.61387164,52337.03479
1600.0,5039.926682,2023961.478,0.581423955,52169.85728
1601.0,4849.053935,2076241.614,0.6037458,50297.52057
1602.0,4797.72204,2003328.197,0.620416166,50781.34339
1603.0,6077.286806,2491959.033,0.818311523,51266.28713
1604.0,5667.911629,2611485.998,0.848558416,50377.50991
1605.0,5849.945714,2602801.685,0.806480618,51018.45705
1606.0,4987.653017,2207289.219,0.635215356,49955.26522
1607.0,4708.477188,2069396.323,0.621881546,49932.95745
1608.0,4851.533833,2004599.548,0.643932933,50399.6736
1609.0,4621.552879,2102264.531,0.574475094,51746.30631
1610.0,4609.758589,2046445.768,0.587317887,50240.80975
1611.0,4760.067361,2006311.22,0.609627393,51260.39813
1612.0,4572.382111,2055731.808,0.582685872,50550.06182
1613.0,4868.046855,2041347.897,0.605625776,52102.78594
1614.0,5053.078103,2058066.368,0.587856953,50474.24592
1615.0,4873.094018,2018722.535,0.636253644,50869.82863
1616.0,4586.858075,2221405.949,0.628316272,50501.45577
1617.0,4749.56825,2068850.131,0.640587568,51827.60315
1618.0,4863.666498,2158841.194,0.597707103,49936.84229
1619.0,4888.10897,2204929.905,0.657911672,51853.97685
1620.0,4661.917373,2015891.122,0.633231688,50897.75469
1621.0,4758.570813,2018779.19,0.568091349,50143.18
1622.0,4964.713966,2081385.935,0.568703903,51449.42323
1623.0,4833.15434,2096804.9,0.618977039,50535.61389
1624.0,4792.863092,2172452.681,0.617546735,52167.5607
1625.0,4958.616038,2056945.107,0.617245548,52162.29666
1626.0,4789.80283,2161077.915,0.662649926,50819.65296
1627.0,4743.589415,2215678.959,0.581979309,51529.66898
1628.0,5012.092493,2176641.851,0.668205784,51015.65365
1629.0,4576.056024,2064741.871,0.634834262,51902.0223
1630.0,4831.790428,2106170.803,0.576773027,51772.17206
1631.0,4757.347318,2040049.052,0.642663861,51187.09416
1632.0,4918.790456,2146118.785,0.618219564,51603.21915
1633.0,5018.839727,2231565.622,0.609574096,51196.38036
1634.0,4596.248423,2125835.975,0.636424936,50740.88706
1635.0,4649.122506,2166723.817,0.670999398,50771.57167
1636.0,4866.817747,2229892.463,0.633966606,50583.89591
1637.0,4833.8384,2129870.062,0.657379144,50328.07203
1638.0,4691.799633,2168190.786,0.673544972,50741.18093
1639.0,4844.289163,2040640.168,0.580991378,50313.29175
1640.0,4857.197843,2234315.011,0.623817132,50930.26224
1641.0,4676.513764,2108976.51,0.584859004,51665.16148
1642.0,4591.985626,2029640.276,0.655466863,50708.3862
1643.0,4933.711967,2164221.025,0.578891313,50567.20984
1644.0,4576.017626,2216505.408,0.580772075,51628.58792
1645.0,4620.366303,2201033.036,0.594926901,50963.15793
1646.0,4833.704623,2236114.467,0.659229858,50144.94231
1647.0,4891.88466,2190977.127,0.613127037,50315.16251
1648.0,4793.932672,2186430.913,0.675948293,51122.28294
1649.0,5671.909544,2605052.472,0.765817301,49687.37203
1649.4,4681.240444,2021653.852,0.615735835,51481.08352
1650.0,5984.453396,2642420.945,0.867362236,51258.33651
1651.0,0.0,0.0,0.0,50933.84953
1652.0,0.0,0.0,0.0,50887.80534
1653.0,0.0,0.0,0.0,52112.77131
1654.0,5117.224646,2252099.568,0.491735548,51745.10685
1655.0,4929.034172,2127970.873,0.577671723,50442.625
1656.0,5036.64082,2245319.326,0.573949848,51088.90091
1657.0,4602.958754,2125241.561,0.614014609,50238.4771
1658.0,5001.852295,2082936.324,0.611238725,52102.64726
1659.0,5071.998122,2172117.145,0.616251434,51541.18934
1660.0,4686.729566,2084861.415,0.621726853,52067.47132
1661.0,4888.944988,2223028.121,0.610682841,50429.23687
1662.0,4879.211475,2147148.453,0.606612101,51395.21854
1663.0,4950.665352,2060863.583,0.653781851,50872.03223
1664.0,4951.441964,2222689.317,0.641945314,52149.78588
1665.0,4976.450958,2061296.201,0.650474199,50985.78157
1666.0,4957.017811,2087538.033,0.655952146,51409.44402
1667.0,4992.326487,2215462.836,0.618593027,50166.99744
1668.0,4603.287788,2091855.243,0.592426729,50645.7759
1669.0,4707.175044,2194998.422,0.613147436,49889.83948
1670.0,4730.765246,2217730.204,0.666801324,51497.92888
1671.0,4653.362014,2238537.336,0.635068986,50247.73244
1672.0,5044.067087,2251155.821,0.589600398,51615.8356
1673.0,4917.923814,2037404.803,0.662844102,50213.58673
1674.0,4728.509081,2075431.321,0.661591593,51056.02274
1675.0,4716.330847,2235111.018,0.642191034,50027.95555
1676.0,5878.469588,2681319.579,0.775307127,50430.95091
1677.0,5582.28399,2550830.529,0.831324453,49136.55211
1678.0,6133.240167,2541181.43,0.889289847,50408.47312
1679.0,5936.198952,2621944.628,0.91059231,49215.76994
1680.0,5969.409834,2724192.978,0.833027849,50101.31634
1681.0,4594.27828,2097533.907,0.698018591,50927.92562
1682.0,5719.570217,2627269.304,0.896399677,49646.95714
1682.5,4770.19908,2121083.689,0.643145638,50329.70058
1683.0,4735.859653,2193604.079,0.612511246,50137.44049
1684.0,4543.693528,2196776.107,0.627840601,49804.2093
1685.0,4616.661128,2091615.74,0.606268196,50494.76745
1686.0,4948.144744,2102114.81,0.617879977,50415.20785
1687.0,5039.456042,2043922.521,0.589664114,49863.02276
1688.0,4697.799913,2239772.263,0.648794262,50122.45404
1689.0,4735.423237,2113764.11,0.660416494,52044.47403
1690.0,4692.776307,2186229.822,0.64665588,51466.29797
1691.0,4743.953791,2067624.75,0.598367685,50120.85068
1692.0,5006.438199,2146271.75,0.602615545,51658.7882
1693.0,4529.175655,2124559.881,0.652606864,50001.3543
1694.0,4657.672895,2178040.67,0.646373879,51280.35702
1695.0,4924.178593,2147506.555,0.613206078,51449.04831
1696.0,5011.471134,2146066.186,0.605823108,51610.28394
1697.0,4550.521423,2110562.478,0.602489625,50960.86208
1698.0,5024.59456,2238810.607,0.595398786,51416.99967
1699.0,4958.140742,2177495.225,0.62420135,51875.67493
1700.0,4937.767521,2165004.455,0.625116108,51607.2761
1701.0,4601.787609,2181604.862,0.617350991,49753.14311
1702.0,4588.560098,2037302.068,0.672889862,50235.0843
1703.0,5774.64167,2587605.662,0.837266642,50389.65817
1704.0,5857.722478,2667203.202,0.809622413,49769.45673
1705.0,5927.918802,2619833.838,0.848917285,50625.41122
1706.0,5879.241989,2588085.95,0.833309508,50319.20218
1707.0,4550.625981,2121933.58,0.685439297,49598.905
1708.0,4840.081323,2204143.5,0.624465294,50360.04595
1709.0,4937.812149,2166045.947,0.692539039,50318.01689
1710.0,4959.751729,2230383.976,0.610087657,51159.88419
1711.0,4744.164687,2169092.644,0.66782771,50916.38838
1712.0,4620.021398,2167348.77,0.666298119,50908.01573
1713.0,5780.225153,2596827.542,0.777610432,50619.44861
1714.0,5525.447952,2381957.094,0.852371086,49799.32324
1715.0,5442.576296,2396710.953,0.788008503,48911.95557
1716.0,5631.25363,2384323.628,0.8481493,49969.48619
1717.0,5293.38588,2605548.288,0.867252106,49060.29606
1718.0,5567.585129,2457949.995,0.803310731,49767.82209
1719.0,4691.622097,2220270.683,0.669073633,49694.76235
1720.0,4645.867462,2034441.777,0.640835083,51217.6444
1721.0,4792.05111,2037935.509,0.639045778,51261.18601
1722.0,4812.541567,2229819.172,0.630783866,50512.99348
1723.0,4872.019821,2102994.521,0.606412696,50903.81857
1724.0,4690.003627,2176802.178,0.630264922,51931.47949
1725.0,4567.278253,2093891.726,0.682090738,51421.54974
1726.0,4928.098115,2234734.596,0.652139219,50242.90519
1727.0,5646.142694,2662074.67,0.813918959,49842.62285
1727.5,4749.437266,2113186.107,0.700351861,51471.38916
1728.0,4711.948962,2031284.652,0.686254394,50121.45782
1729.0,4530.241611,2139186.865,0.670241265,50318.59654
1730.0,4940.345553,2100505.724,0.662494084,49672.22494
1731.0,4935.744143,2173143.912,0.604442021,50120.77769
1732.0,4524.566392,2048191.132,0.670009321,50830.09104
1733.0,4697.356414,2159852.905,0.653092258,51147.36443
1734.0,4992.894173,2230871.127,0.677629961,49656.50437
1735.0,4509.084044,2079256.755,0.69350091,50963.55466
1736.0,4702.614286,2106324.269,0.64898985,50145.22935
1737.0,4821.080071,2089613.282,0.685692126,51377.6464
1738.0,4814.157002,2038853.558,0.706346066,49849.70994
1739.0,4966.717393,2119344.855,0.626034313,50964.9842
1740.0,5486.869737,2665505.236,0.848986628,49236.29761
1740.8,4552.381058,2231509.261,0.687893877,49746.77247
1741.0,6709.399389,3168027.631,1.101882789,49442.28495
1742.0,6662.603596,3013572.915,1.073868695,48701.77296
1743.0,5602.885607,2433300.011,0.880464042,50327.06096
1744.0,5401.452286,2590673.161,0.839018066,49520.76769
1745.0,5501.942649,2398864.309,0.927505267,49062.28622
1746.0,5739.4453,2494558.774,0.846559464,49948.29384
1747.0,4651.048038,2164776.034,0.676342738,51203.94306
1748.0,5843.369728,2496970.137,0.891122265,50462.88721
1749.0,6067.46112,2695584.445,0.889892071,49074.78202
1750.0,4801.43753,2213440.433,0.667404278,49828.06672
1751.0,4540.079919,2169533.213,0.725153387,50156.79206
1752.0,4833.958984,2156013.577,0.719592825,49906.6929
1753.0,0.0,0.0,0.0,51340.63249
1753.6,4729.771796,2124153.52,0.547503507,51078.97783
1754.0,4651.422607,2203928.283,0.598392252,50262.76046
1755.0,4846.58173,2187070.905,0.68307456,50722.69237
1756.0,4998.054339,2234694.305,0.622735906,50861.29114
1757.0,4521.209662,2166887.621,0.616461729,49648.28938
1758.0,4688.913294,2214004.968,0.716223818,50840.28485
1759.0,4584.298573,2065211.861,0.628969561,49734.43314
1760.0,4801.254043,2198802.08,0.694168985,51076.19186
1761.0,4890.923425,2214328.697,0.670648546,49530.51831
1762.0,4860.292563,2140232.5,0.658612849,50681.24074
1763.0,4801.45536,2162327.82,0.64028711,51563.23107
1764.0,4546.158758,2067600.822,0.71379551,50368.69142
1765.0,4947.588857,2143911.415,0.662753402,50691.755
1766.0,5733.74314,2504566.798,0.887378618,49482.81546
1767.0,6877.301885,3023715.311,1.211888064,48341.74431
1768.0,6898.928714,3058840.796,1.159220702,49980.6249
1769.0,5523.472817,2410612.39,0.892656546,47930.28612
1770.0,5742.915512,2601893.78,0.879380163,49398.75767
1771.0,4692.200106,2238115.386,0.750609454,51204.8072
1772.0,4690.228753,2023887.777,0.700392592,50185.64368
1773.0,4615.55884,2020377.372,0.710615327,49846.93261
1774.0,4672.393461,2065914.602,0.719714696,50459.36649
1774.6,4633.622964,2158498.085,0.701000367,50328.50031
1775.0,4903.848486,2125674.377,0.728682783,51422.80769
1776.0,4992.177173,2197211.37,0.674768505,49231.41391
1777.0,4645.859408,2089507.632,0.694923342,51345.21626
1778.0,4672.225311,2266995.047,0.655224377,51068.50519
1779.0,4717.872681,2137251.697,0.706302756,49645.98407
1780.0,0.0,0.0,0.0,50885.81419
1781.0,0.0,0.0,0.0,51341.68341
1782.0,4950.26216,2157791.332,0.560235044,52369.08548
1783.0,4943.891004,2171317.377,0.627562974,51245.34331
1784.0,4636.92818,2199061.072,0.602400764,50216.12405
1785.0,4841.643687,2061777.476,0.697145836,50073.96687
1786.0,4968.612876,2142157.672,0.711916318,51482.18462
1787.0,0.0,0.0,0.0,50761.15333
1788.0,0.0,0.0,0.0,50248.04459
1789.0,4817.615078,2262394.304,0.585008995,52342.86173
1790.0,4599.047464,2267712.419,0.632506274,49808.7031
1791.0,4821.792054,2068418.968,0.656179615,50382.73346
1792.0,4942.075399,2201859.777,0.623245919,51749.529
1793.0,4594.197814,2097562.398,0.610410412,50019.13488
1794.0,4786.254099,2269754.919,0.626487397,50896.38142
1795.0,4715.330142,2195671.085,0.639370069,51545.18996
1796.0,4851.202628,2216114.146,0.67074121,51307.28341
1797.0,5011.245371,2240708.89,0.714498986,50870.00683
1798.0,5000.073356,2157275.937,0.626814355,51158.4173
1799.0,4951.330167,2262633.684,0.659102101,50226.91452
1800.0,4626.792477,2086388.257,0.677527984,51023.92648
1800.5,4734.910993,2261423.868,0.682279969,49731.834
1801.0,4773.338871,2234038.048,0.697557127,51245.70452
1802.0,4806.198896,2147791.553,0.697178269,49473.6618
1803.0,4888.223906,2090491.276,0.698489835,50680.23117
1804.0,4535.88602,2094013.865,0.623245385,50027.83634
1805.0,4876.859688,2136076.048,0.656478483,50162.57394
1806.0,4785.115736,2211046.81,0.65837526,49266.46369
1807.0,4663.547797,2096965.487,0.720257926,50359.06995
1808.0,4916.781209,2208203.703,0.630063417,49849.55824
1809.0,4547.231343,2173010.073,0.698617394,50013.43637
1810.0,4570.637943,2247454.475,0.632480163,50613.02883
1811.0,4696.837736,2242929.469,0.73687759,50622.54131
1812.0,4983.435709,2077053.426,0.711232436,50167.79355
1813.0,4758.061031,2286198.879,0.65910995,50833.03561
1814.0,4601.824695,2116091.638,0.730328877,50566.33565
1815.0,4606.613164,2150406.839,0.649274133,50653.09794
1816.0,4874.900846,2090358.554,0.634519928,49736.35681
1817.0,4785.726836,2257454.454,0.702638606,49282.38557
1818.0,4644.166495,2068700.734,0.706307474,50130.48849
1819.0,4914.793016,2174889.852,0.6358765,51469.29986
1820.0,4845.073922,2160536.353,0.730880571,51498.93421
1821.0,4777.641087,2076210.873,0.667175804,51154.51006
1822.0,5841.19606,2598526.162,0.891384993,49046.16934
1823.0,5837.21115,2663529.619,0.915843367,49555.99775
1824.0,6127.236284,2742948.85,0.995839824,49818.5352
1825.0,5850.900348,2708299.331,0.958187143,49757.22851
1826.0,5701.192646,2795141.715,1.042295756,50116.78167
1827.0,4826.132197,2138472.354,0.693260455,49448.88603
1828.0,5032.703124,2110268.557,0.72673477,50628.51122
1829.0,4542.583713,2106795.897,0.686843407,51318.65068
1830.0,4695.411204,2180800.891,0.704553744,50069.80394
1831.0,4984.742708,2237366.747,0.72836014,50779.71585
1832.0,4962.10066,2090802.48,0.737593487,49942.55925
1833.0,4708.320204,2252210.175,0.683347073,49626.77969
1834.0,4579.097306,2280688.294,0.667264362,50561.64771
1835.0,4787.006765,2203775.515,0.69388756,50802.19965
1836.0,4861.374641,2081652.022,0.710460898,50326.88052
1837.0,4936.056412,2265597.075,0.639976919,50843.14673
1838.0,4618.561463,2125026.149,0.698318891,51489.22896
1839.0,4766.053161,2294827.328,0.672915544,50729.22407
1840.0,4644.38313,2269977.02,0.718470956,49220.05309
1841.0,4970.563952,2280827.692,0.6812099,50260.44331
1842.0,4668.467411,2111791.515,0.739793075,50311.18581
1843.0,4666.548847,2250345.859,0.697353051,49278.39893
1844.0,4779.077276,2113839.851,0.660210639,49678.34918
1845.0,4539.095397,2177879.632,0.720523852,49685.95421
1846.0,4977.043063,2126446.627,0.721255732,51019.71955
1847.0,4717.562701,2095243.599,0.69494266,50949.42151
1848.0,5020.593179,2151049.288,0.66378894,50370.56345
1849.0,4881.229298,2128304.837,0.694706769,49223.7176
1850.0,4695.944471,2250034.932,0.696235847,49296.33109
1851.0,4758.122131,2243497.105,0.742679415,50559.75307
1852.0,5025.477592,2079194.574,0.720312977,50058.83805
1853.0,4644.14634,2200922.708,0.679479283,51052.09759
1854.0,4525.18667,2111704.747,0.677237041,49249.08436
1855.0,4804.837587,2094673.844,0.694342383,50931.92663
1856.0,4761.171997,2202689.511,0.656552032,49156.4741
1857.0,4617.944464,2134592.27,0.653103003,50231.93498
1858.0,4873.053585,2293573.709,0.746453702,51469.72803
1859.0,4775.339498,2255295.428,0.742773963,50753.00577
1860.0,4906.296504,2154031.578,0.7246862,51459.39555
1861.0,4811.611571,2281692.845,0.730859288,51538.67457
1862.0,4964.6867,2231330.457,0.647402656,49897.46091
1863.0,4901.708882,2117600.81,0.6716261,49439.85371
1864.0,4635.158916,2123554.289,0.714314301,51032.93919
1865.0,4755.038336,2165892.705,0.637979543,51154.90999
1866.0,4531.987874,2228016.867,0.654819659,49650.30601
1867.0,4566.865742,2136471.733,0.68526998,49494.88801
1868.0,4672.347035,2139766.639,0.738000584,50817.49109
1869.0,4901.743653,2101497.567,0.685578956,51165.70967
1870.0,4841.795513,2154172.111,0.717269298,51553.14766
1871.0,5422.035211,2647136.045,0.852015718,49618.65252
1872.0,5590.053883,2653608.207,0.90144283,48871.46721
1873.0,5371.61947,2552615.061,0.88141745,49728.5887
1874.0,6297.966104,2968478.967,1.122065388,47843.21846
1875.0,5659.778273,2752829.314,0.915095972,49385.0471
1876.0,5931.858695,2699521.862,0.946597729,50247.13538
1877.0,5916.343266,2555661.705,0.91107985,47989.05945
1878.0,5824.07097,2769260.617,0.926950225,49306.52712
1879.0,4816.67242,2172198.84,0.728631934,49614.21933
1880.0,4861.753844,2170818.374,0.703372446,50115.16219
1881.0,4547.242143,2081302.18,0.751563696,49498.51368
1882.0,4974.232132,2199677.347,0.700050645,50589.97429
1883.0,4562.544791,2201817.458,0.739480107,49756.33509
1884.0,4942.414378,2136612.298,0.676872099,49753.70311
1885.0,4930.909542,2219789.908,0.644264369,49753.71633
1886.0,4612.011007,2159173.654,0.685721714,49996.84364
1887.0,4930.44325,2135287.889,0.686036202,49484.88011
1888.0,4652.965554,2134154.793,0.705682843,51436.94052
1889.0,4902.337246,2246356.307,0.665198093,49805.36959
1890.0,4890.913137,2293233.037,0.648256013,51135.99346
1891.0,4493.093829,2282098.324,0.745783429,51187.03559
1892.0,4969.377949,2193777.737,0.690394945,50559.99521
1893.0,4853.848374,2162715.968,0.72335014,49192.95883
1894.0,4541.942223,2231509.87,0.667409129,49414.29394
1895.0,4493.14218,2172419.605,0.718648054,49482.62353
1896.0,5000.116711,2288383.703,0.706202371,49731.79095
1897.0,4819.134611,2284191.5,0.661386707,50616.21062
1898.0,4520.130994,2085848.254,0.729405227,49853.73162
1899.0,4767.619777,2151160.941,0.714426832,49111.71543
1900.0,4519.549208,2258032.621,0.712146267,51364.74091
1901.0,4807.081541,2214339.459,0.674946826,51267.57853
1902.0,4500.994287,2288100.556,0.746077331,51234.98684
1903.0,4884.248282,2145937.194,0.663250749,50098.90928
1904.0,4705.344425,2271184.765,0.647638412,50614.71664
1905.0,4956.094641,2178700.345,0.705742682,49835.96772
1906.0,4527.530133,2186995.437,0.672747537,50728.94772
1907.0,4620.182665,2284830.204,0.639720675,51055.10932
1908.0,4726.054721,2166336.637,0.745228364,51119.48776
1909.0,4875.881564,2111992.939,0.732391211,50275.22643
1910.0,4490.150682,2112070.337,0.698926218,51003.31514
1911.0,4822.117947,2223309.628,0.74481902,49879.48442
1912.0,4830.983606,2100600.975,0.737104471,49919.22034
1913.0,4884.462359,2189857.231,0.733317298,49428.62305
1914.0,4579.001076,2285205.793,0.660669059,50570.76873
1915.0,4835.792301,2218783.771,0.674931714,51295.72509
1916.0,4951.350456,2156634.129,0.668524022,50146.06858
1917.0,4922.874992,2288899.23,0.692483591,49937.60673
1918.0,4494.048631,2118476.38,0.636973383,50040.80716
1919.0,4680.224254,2110370.742,0.703457699,50823.56846
1920.0,4856.660711,2160260.074,0.663380239,50297.25214
1921.0,4875.840813,2210006.722,0.640956198,49328.3037
1922.0,4540.447016,2161831.394,0.661436753,50222.50962
1923.0,4577.801107,2187519.173,0.672780561,50479.11369
1924.0,4578.553339,2169833.199,0.706643617,49345.26734
1925.0,4737.97065,2250871.312,0.688074298,51413.94244
1926.0,4942.684065,2166350.56,0.649854892,50507.14251
1927.0,4488.290703,2297154.444,0.722971789,49178.3969
1928.0,4532.078123,2285344.317,0.662301691,50283.30667
1929.0,4519.374364,2192357.44,0.644361174,51187.5849
1930.0,4802.050237,2248596.28,0.738699768,50273.99115
1931.0,0.0,0.0,0.0,51996.13961
1932.0,0.0,0.0,0.0,51608.68972
1933.0,0.0,0.0,0.0,52100.85386
1934.0,0.0,0.0,0.0,50536.02991
1935.0,0.0,0.0,0.0,51816.6568
1936.0,4980.386559,2297003.041,0.512775506,50994.0541
1937.0,4639.395051,2281781.242,0.629418564,51060.82557
1938.0,4561.183362,2177736.032,0.657082207,51260.09829
1939.0,4841.486874,2258102.113,0.588932871,50109.91273
1940.0,4637.284404,2296785.519,0.604111695,50729.4722
1941.0,4557.901786,2219386.659,0.611626274,51544.19312
1942.0,4630.42137,2286798.61,0.671610974,51646.60263
1943.0,4762.528087,2187658.426,0.674460835,49642.04209
1944.0,4527.255944,2077243.478,0.674965778,49854.46555
1945.0,4555.647175,2236877.135,0.667884026,51006.37373
1946.0,4948.836414,2212250.801,0.661938569,50680.97059
1947.0,4797.903425,2243097.64,0.669032176,51196.55129
1948.0,4814.015546,2296753.339,0.702741694,51560.22996
1949.0,4789.477016,2171495.183,0.610771149,51142.41002
1950.0,4656.247073,2236591.705,0.663818941,51313.60379
1951.0,0.0,0.0,0.0,50492.22947
1952.0,0.0,0.0,0.0,50755.91807
1953.0,0.0,0.0,0.0,52360.34135
1954.0,4764.862158,2334938.073,0.487176852,52730.65437
1955.0,4526.45628,2203416.949,0.551787731,51701.14165
1956.0,4693.872189,2124709.48,0.570421622,50149.86544
1957.0,4530.852564,2179952.606,0.62295406,50258.95962
1958.0,4808.701648,2173317.439,0.662595962,51740.89229
1959.0,4718.58362,2275917.63,0.661041561,51613.16977
1960.0,4567.089471,2256619.83,0.641255065,51791.7085
1961.0,4739.278521,2124609.765,0.630044815,49392.31141
1962.0,4547.524499,2213586.136,0.671341962,50307.52782
1963.0,4681.756683,2234723.785,0.636299092,51639.20891
1964.0,4548.910008,2064859.493,0.606584926,51283.11495
1965.0,4801.47389,2276036.241,0.634659881,50197.43777
1966.0,4587.398849,2093572.706,0.628356796,51426.21565
1967.0,4880.093219,2193169.64,0.622089017,51253.87932
1968.0,4835.043444,2195203.623,0.6777467,49987.11345
1969.0,4740.940398,2137590.615,0.59123791,50875.70686
1970.0,4591.913253,2069601.921,0.610776663,51433.82251
1970.5,4756.191453,2149940.561,0.61737628,50534.99307
1971.0,4905.41344,2086189.802,0.593633528,49782.38102
1972.0,4832.610985,2174434.845,0.659710618,50049.24964
1973.0,4811.323568,2192634.732,0.681042852,49932.9992
1974.0,4641.560241,2155991.829,0.61242381,50811.70924
1975.0,4819.89017,2249680.291,0.63684813,49767.39573
1976.0,4487.894229,2217745.725,0.619253441,49529.84522
1977.0,4892.025315,2217830.076,0.59319693,50159.0969
1978.0,4545.728045,2258049.232,0.677535238,51404.69025
1979.0,4856.047871,2139776.69,0.621665692,50283.06283
1980.0,4691.792966,2195722.477,0.590389524,49779.12759
1981.0,4763.525956,2254337.361,0.636434281,49896.754
1982.0,4886.357879,2105223.922,0.681426184,50552.30628
1983.0,4427.648712,2075503.228,0.612165856,51590.30806
1984.0,4487.711416,2094386.783,0.622657354,51730.23468
1985.0,4612.968779,2205155.868,0.60533466,49608.5319
1986.0,4842.508942,2070640.871,0.660010331,50331.23773
1987.0,4523.987323,2211970.751,0.581204755,50322.35679
1988.0,4560.874066,2154672.283,0.610667637,50835.65347
1989.0,4792.788452,2127602.534,0.619096266,50061.54372
1990.0,4443.926766,2074541.937,0.592333585,49597.89205
1991.0,4533.283249,2145542.74,0.636701296,50093.38973
1992.0,4409.218053,2087069.636,0.625932811,51529.43516
1993.0,4736.031504,2273675.604,0.583372748,51602.37708
1994.0,5487.431844,2502952.347,0.796999547,50764.69568
1995.0,5836.412097,2562259.895,0.782085798,49624.64113
1996.0,5663.206864,2664487.679,0.841536425,50577.40632
1997.0,5803.288411,2651041.491,0.839322252,50377.80934
1998.0,5445.398068,2628530.577,0.814723008,50381.36284
1999.0,4889.282996,2180155.925,0.651265098,50672.36679
2000.0,4521.185909,2063444.229,0.614164244,51514.96671
2001.0,4379.444743,2115203.831,0.661584777,51369.47591
2002.0,4402.891787,2086466.625,0.581927492,50214.79305
2003.0,4520.762252,2194865.358,0.589637248,49801.37809
2004.0,4697.835249,2181154.963,0.649946745,50442.42119
2005.0,4416.832519,2199398.509,0.662551334,50497.69581
2006.0,4666.574181,2210403.974,0.667257642,50589.53343
2007.0,4399.156148,2137049.974,0.64229516,49640.83642
2008.0,4827.410968,2157697.318,0.603544696,51001.52112
2009.0,4661.410943,2187338.337,0.613356308,51364.83308
2010.0,4524.817054,2099375.679,0.667540217,50608.31683
2011.0,4417.357558,2136496.83,0.580209186,51088.23969
2012.0,4740.240602,2125123.416,0.645374917,51625.0156
2013.0,4594.551313,2122154.362,0.571397962,50928.01343
2014.0,4723.826002,2087986.613,0.650666416,50643.51355
2015.0,4362.568896,2281577.84,0.664628136,49442.33602
2016.0,5344.919393,2570049.004,0.742898043,49168.91214
2017.0,5364.097049,2622886.054,0.732773975,50358.77321
2018.0,0.0,0.0,0.0,50843.79005
2018.5,4741.171944,2126533.306,0.526619537,50700.27659
2019.0,4862.991667,2081327.838,0.563286095,51915.92676
2020.0,4363.914286,2135214.831,0.597641986,49996.38922
2021.0,4674.250262,2081615.606,0.592562773,51505.7008
2022.0,4817.474596,2192174.383,0.597088535,51294.55347
2023.0,4349.194957,2112474.649,0.647547175,50804.74411
2024.0,4354.642118,2132311.587,0.615408572,49601.126
2025.0,4810.734098,2225760.413,0.63412704,51079.78571
2026.0,5471.022412,2750973.534,0.777902594,49931.34707
2027.0,4682.204238,2150577.92,0.675374776,51006.97286
2028.0,4619.529947,2085047.507,0.633897945,50710.07978
2029.0,4518.758204,2086921.635,0.612911995,51194.4965
2030.0,4759.670401,2290977.265,0.66022828,51810.65127
2031.0,4676.072856,2257026.753,0.606566347,49986.50396
2032.0,4383.993818,2091815.052,0.626139651,50906.08477
2033.0,0.0,0.0,0.0,50879.53296
2034.0,0.0,0.0,0.0,51258.41534
2035.0,0.0,0.0,0.0,52625.02868
2036.0,0.0,0.0,0.0,50706.29118
2037.0,5593.830542,2518596.716,0.57152322,52022.08845
2037.4,4912.891424,2229922.359,0.495390299,51938.56872
2038.0,4561.891779,2317787.468,0.558958137,50311.51958
2039.0,5473.945774,2820421.852,0.78543956,49404.49708
2039.5,4636.394964,2118042.776,0.587839968,51073.6751
2040.0,5180.554794,2524936.674,0.702301373,49789.04393
2040.2,4627.261287,2289863.025,0.592302372,49792.61026
2041.0,4716.491875,2209670.958,0.560091445,51614.43716
2042.0,4565.378933,2154147.598,0.580197232,50003.79944
2043.0,4840.888951,2269431.217,0.600898476,51918.44734
2044.0,4639.371365,2308034.403,0.627206784,49677.16379
2045.0,4691.03084,2136355.917,0.581578336,49761.4104
2046.0,4869.972963,2209237.598,0.598953863,50858.04495
2047.0,4442.016003,2221747.102,0.596215383,51215.23381
2048.0,5528.792902,2463644.588,0.779889608,50072.01059
2049.0,4647.036923,2189337.763,0.650661353,49321.8584
2050.0,4514.833682,2080925.229,0.608991558,50640.61753
2051.0,4535.2204,2082625.541,0.587003902,51165.0307
2052.0,4548.909029,2125583.428,0.651367789,50430.62292
2053.0,4786.526565,2171293.428,0.628862124,49511.31879
2054.0,4620.884374,2220156.516,0.643352342,50165.249
2055.0,4677.794659,2159317.892,0.646919783,51241.90532
2056.0,4559.04451,2213511.234,0.561571194,49659.56993
2057.0,4824.960025,2210838.145,0.562485852,49584.04733
2058.0,4393.751631,2104910.09,0.638598666,50348.538
2059.0,4580.424499,2283365.094,0.586681155,50489.65433
2060.0,4638.244592,2121154.212,0.628909192,50938.05091
2061.0,4464.856185,2238265.576,0.567698718,50037.3425
2062.0,4750.280195,2297185.96,0.599599034,50465.58655
2063.0,4585.008834,2192377.249,0.62343561,50136.13902
2064.0,4848.127089,2280730.293,0.607987127,49922.651
2065.0,4555.911658,2168117.829,0.600430413,50189.69793
2066.0,4798.886249,2136108.27,0.622148176,51381.11336
2067.0,4583.833832,2309529.238,0.626878282,49967.50309
2068.0,4424.335562,2277020.476,0.652453655,51086.1968
2069.0,4737.143593,2259522.152,0.657227045,50617.90039
2070.0,4686.007799,2313147.023,0.654553756,51793.47542
2071.0,4714.567919,2119750.229,0.607196837,51399.13352
2072.0,4656.533418,2294060.252,0.651386091,51485.50097
2073.0,4540.734588,2278510.06,0.597944299,50058.52861
2074.0,4645.896957,2129143.738,0.650521453,50518.09418
2075.0,4651.524297,2146349.026,0.595863097,49792.48485
2076.0,5608.22309,2614364.897,0.782025909,49084.02781
2077.0,5401.337819,2716682.292,0.791661193,50712.6077
2078.0,5628.419259,2708554.166,0.902921366,48627.37838
2079.0,5856.709298,2635223.125,0.920046518,49398.71097
2079.6,5614.347799,2737398.96,0.862222707,49929.88287
2080.0,5688.119765,2728052.155,0.843488495,50088.27115
2081.0,5458.900394,2757005.623,0.930376257,49117.97164
2082.0,5392.945836,2732712.372,0.917752797,49014.79994
2082.6,4579.052477,2288397.864,0.670640887,48926.10049
2083.0,4641.02375,2159645.226,0.632876839,49415.33074
2084.0,4400.062923,2266792.798,0.634973192,51439.71248
2085.0,4394.523365,2303162.485,0.67036873,51261.10008
2086.0,4537.419188,2112057.405,0.630859486,50663.36423
2087.0,4735.356336,2222603.215,0.666640543,49614.23841
2088.0,4450.062884,2281519.771,0.653679781,51113.92193
2089.0,4590.565519,2204667.675,0.625311823,50205.71772
2090.0,4460.901612,2256652.5,0.663444143,50325.34809
2090.8,4794.513641,2202874.037,0.658866859,51742.61787
2091.0,4832.810574,2110340.13,0.667455854,49630.08487
2092.0,4826.756164,2202564.588,0.61969173,50264.68438
2093.0,4683.152227,2157630.406,0.586929448,50129.30615
2094.0,4863.73966,2228789.595,0.592550705,51453.44815
2095.0,4532.158273,2333498.225,0.577383204,51548.89595
2096.0,4776.306543,2234528.935,0.602958968,51305.14172
2097.0,4397.63582,2278127.377,0.581987154,50287.99262
2098.0,4896.736457,2111026.0,0.643809482,50185.29866
2099.0,4806.309203,2190605.002,0.614041014,50123.0573
2100.0,4637.665462,2119115.345,0.628605876,50716.30093
2101.0,4439.590646,2196103.706,0.579931135,51059.36323
2102.0,4877.590969,2120647.159,0.585568608,49369.85023
2103.0,4509.468006,2309996.475,0.611911992,50196.43977
2104.0,4590.650443,2340964.757,0.590930337,51337.39305
2105.0,5676.524481,2664843.941,0.876520854,50493.45962
2106.0,5593.94152,2840597.227,0.890344515,48629.01152
2107.0,4686.320508,2161638.269,0.651825606,51043.84186
2108.0,4736.442644,2322608.417,0.6254535,50118.55168
2109.0,4582.066085,2146421.884,0.672769338,50107.35522
2110.0,4783.665699,2150933.808,0.611554132,51650.23699
2111.0,4665.974238,2221470.592,0.581578027,51397.91486
2112.0,4533.963787,2154138.912,0.639316935,51029.69437
2113.0,4666.707872,2271114.208,0.670891455,50255.72061
2114.0,5110.639276,2512701.461,0.798582252,50874.67694
2115.0,5128.052873,2515715.067,0.752675158,49386.68288
2116.0,5486.495724,2467616.497,0.801138932,49995.35841
2117.0,5473.978661,2476174.808,0.778021414,50666.98154
2118.0,5043.658952,2553255.705,0.819050519,48990.72278
2119.0,4683.985199,2131337.306,0.633801326,51109.86802
2120.0,4371.064921,2102629.481,0.583989206,51667.52233
2121.0,4458.506715,2295605.698,0.620931679,49834.55298
2122.0,4484.208773,2161702.018,0.601725391,49917.01622
2123.0,4498.455148,2288787.667,0.586702415,50459.59843
2124.0,4606.025751,2142292.54,0.625231962,51333.79082
2125.0,4830.857792,2191286.491,0.624335254,49939.51414
2126.0,5721.415282,2677794.885,0.830113736,49283.20683
2127.0,5772.797767,2668753.874,0.8902688,50309.10869
2128.0,5528.933274,2666287.826,0.845320408,48722.58752
2129.0,4814.06896,2188938.732,0.689954396,50954.72347
2130.0,4670.718955,2195901.78,0.64275843,49809.29371
2131.0,5241.331441,2458353.748,0.706491759,49564.59539
2132.0,5200.638878,2452636.301,0.734352595,48804.02322
2133.0,5465.45615,2655138.314,0.796859672,49140.80026
2134.0,5142.45123,2469566.586,0.789567731,50509.9807
2135.0,6478.253912,3113790.965,1.108164611,49910.77562
2135.8,5246.481391,2646928.031,0.861853479,48315.83279
2136.0,4395.660158,2151106.895,0.695035389,50407.10382
2137.0,4672.322591,2298295.27,0.603435596,50541.88024
2138.0,4828.644899,2257582.247,0.600244734,49636.31312
2139.0,4611.12361,2134428.601,0.640177388,50903.38139
2140.0,4427.246856,2267351.504,0.652419328,50885.57074
2141.0,5337.165671,2742159.011,0.816505172,50978.85376
2142.0,4418.274762,2233321.463,0.668289169,49824.64446
2143.0,4769.781552,2258600.119,0.627320368,51386.17392
2144.0,4462.749945,2185662.454,0.585625346,50839.72815
2145.0,4823.078323,2137320.34,0.631487468,51126.73433
2146.0,4486.511178,2265235.242,0.635534218,51231.95073
2147.0,4545.630974,2162257.142,0.600513962,49965.44581
2148.0,4445.328896,2228540.008,0.648207699,50166.44126
2149.0,4446.587115,2237659.821,0.666899938,49899.08963
2150.0,4695.237943,2312286.73,0.579611167,51145.26459
2151.0,4823.320755,2309147.559,0.606728196,50355.97167
2152.0,4698.201009,2118308.869,0.592811019,51621.53208
2153.0,4601.988456,2153590.551,0.65887167,50712.71897
2154.0,0.0,0.0,0.0,50106.68165
2155.0,0.0,0.0,0.0,50432.65987
2156.0,5746.00194,2909357.819,0.682484345,51650.63745
2157.0,5918.200638,2663661.082,0.829995502,49745.385
2158.0,5650.663913,2776314.476,0.844880818,49592.36881
2159.0,4440.290393,2349268.202,0.590395573,51028.45469
2160.0,4835.728862,2154762.884,0.603133628,49284.32872
2161.0,5779.223972,2745827.574,0.796017495,50923.69478
2162.0,5715.79176,2654321.826,0.835429396,50712.8601
2163.0,5415.325155,2783257.637,0.794954855,49126.68398
2164.0,5682.838766,2697398.217,0.796018598,49926.27933
2165.0,0.0,0.0,0.0,49647.58564
2166.0,4868.034417,2352941.151,0.570341206,50542.20401
2167.0,4438.019121,2299064.449,0.575073786,49790.49483
2168.0,4763.452072,2130292.572,0.569532504,51597.34754
2169.0,4807.370621,2148742.62,0.643027663,50292.58701
2170.0,0.0,0.0,0.0,51833.67795
2171.0,0.0,0.0,0.0,50432.32826
2172.0,0.0,0.0,0.0,52117.00593
2173.0,4998.015395,2250520.178,0.462007475,52245.79353
2174.0,4667.492987,2322491.307,0.523475084,50536.94646
2175.0,4884.969019,2149826.139,0.559431063,51449.55945
2176.0,4824.309827,2212224.595,0.573303255,50259.23814
2177.0,4682.263411,2303247.893,0.611290055,51330.77308
2178.0,4562.555531,2229165.104,0.608019982,50071.11275
2179.0,4435.824213,2134279.566,0.597177515,50944.41721
2180.0,4746.121273,2200429.702,0.596584742,49987.09265
2181.0,4364.906507,2324931.55,0.620527795,49607.94818
2182.0,4752.995857,2199262.466,0.575057678,50657.44452
2183.0,4635.531192,2194829.433,0.653042778,51107.32927
2184.0,4481.534506,2274643.382,0.617184415,51272.61883
2185.0,4615.52042,2269349.497,0.624305599,51030.31119
2186.0,4788.199339,2213306.315,0.645508722,49393.98693
2187.0,4372.092679,2179388.77,0.59268594,50041.30353
2188.0,4482.440779,2331204.453,0.631930833,49808.52725
2189.0,4697.391798,2295397.437,0.578116655,50431.75188
2190.0,4622.283735,2327711.58,0.664080038,51436.24193
2191.0,4640.985518,2269249.216,0.588932676,49693.56107
2192.0,5589.646074,2639235.416,0.75604321,50920.94674
2193.0,5162.558872,2688735.109,0.780654372,49039.79367
2194.0,4559.159089,2270153.632,0.627582191,49010.0379
2195.0,4721.774973,2313542.039,0.58110071,51112.37422
2196.0,4389.711184,2114454.754,0.66614651,49725.30418
2197.0,4432.799859,2130235.532,0.618613316,51179.42784
2198.0,4420.534973,2298671.544,0.625649451,49637.60437
2199.0,4547.244497,2180968.648,0.652772791,51401.76914
2200.0,4722.567618,2161072.846,0.636046427,51402.85625
2201.0,4694.352524,2251096.233,0.606899004,51555.23499
2202.0,4441.324733,2200032.799,0.641583579,49679.0718
2203.0,4396.155306,2272700.423,0.6249882,51586.61534
2204.0,4532.210969,2290274.84,0.671604961,50828.46382
2205.0,4497.037632,2330857.529,0.606593753,50831.06022
2206.0,4490.01218,2196693.733,0.625712975,50032.42853
2207.0,5066.000655,2464943.601,0.715143396,49513.41433
2207.6,4446.511952,2317214.237,0.65496214,49526.82265
2208.0,4588.31725,2150845.931,0.640605005,51234.70132
2209.0,0.0,0.0,0.0,50174.8844
2209.6,4622.481567,2301385.741,0.550686241,52079.12162
2210.0,4606.190014,2117843.512,0.592224085,50688.09442
2211.0,4449.99955,2126392.769,0.561478391,49629.31526
2212.0,4444.803236,2205064.1,0.617129031,50055.87172
2213.0,4586.016785,2276981.755,0.63170561,51247.25071
2214.0,4626.494041,2302462.257,0.615365754,49814.45001
2215.0,5666.586534,2633704.106,0.878857944,49880.62915
2216.0,5401.516835,2790215.824,0.859008636,48285.41295
2217.0,5263.828718,2751288.895,0.883444806,49592.10155
2218.0,4717.351095,2305985.659,0.672716593,48827.44606
2219.0,4683.92056,2153091.004,0.677712337,50467.29556
2220.0,4533.786142,2119384.996,0.599890282,51555.56506
2221.0,4735.668887,2164736.745,0.592301555,50227.16078
2222.0,4295.572643,2291803.666,0.649106838,51441.48796
2223.0,4361.219308,2131314.169,0.581454248,49788.56872
2224.0,4765.244797,2281173.879,0.575076244,50620.34603
2225.0,4321.133362,2126140.607,0.581181611,49685.35316
2226.0,4683.057541,2232682.651,0.630612606,50664.41573
2227.0,5389.229976,2586634.171,0.722670614,50691.17828
2227.5,4548.341658,2301017.938,0.645885611,49308.34645
2228.0,4307.558704,2214429.395,0.658511451,49748.16685
2229.0,5591.10846,2701789.626,0.747708789,49012.51967
2229.7,4692.807014,2257915.8,0.666408334,50529.43782
2230.0,5514.529054,2549886.29,0.775537065,49221.87466
2230.7,4778.922137,2219029.478,0.642199847,50338.27817
2231.0,4449.43534,2141131.066,0.638916403,51254.18379
2231.4,4481.578333,2172247.191,0.622492057,49775.87929
2232.0,4697.415823,2240476.727,0.626589668,51015.32244
2233.0,4443.172758,2145151.037,0.613529013,49321.30985
2234.0,4668.563589,2177529.769,0.614332771,49928.0762
2235.0,4383.753316,2110222.47,0.5816347,49326.4948
2236.0,4479.630584,2250706.695,0.582131664,49778.78356
2237.0,4461.412711,2087131.905,0.644371992,49684.76432
2238.0,4492.029073,2189658.396,0.565199643,51336.15355
2239.0,5272.497627,2756079.656,0.762330368,49489.27698
2240.0,5681.081242,2784586.126,0.822706028,48752.05873
2241.0,5392.745526,2701768.913,0.838541296,49428.17939
2242.0,4372.784281,2251667.33,0.631829663,51111.50672
2243.0,4699.663732,2288687.927,0.647127334,51513.94708
2244.0,4402.449755,2276556.719,0.614802688,49547.84496
2245.0,4326.243163,2261929.149,0.642822663,50912.18543
2246.0,5041.810813,2638812.766,0.729441975,49211.7916
2247.0,5022.020578,2507378.154,0.78633687,50366.69384
2248.0,4659.855142,2212597.564,0.607121825,50818.45771
2249.0,4528.503562,2290180.558,0.564510601,51119.93985
2250.0,4574.50573,2135347.655,0.624057734,51202.31678
2251.0,4594.6333,2179466.717,0.630004629,49502.44419
2252.0,4495.956519,2308410.971,0.62040506,49946.46706
2253.0,4744.948172,2207204.898,0.588553761,51054.23621
2254.0,0.0,0.0,0.0,50952.10549
2254.6,4692.211858,2282417.079,0.480833462,51047.16405
2255.0,4513.152826,2230235.936,0.608885936,49913.9145
2256.0,4299.167423,2172131.429,0.610381663,51565.28697
2257.0,4616.36029,2238916.229,0.612971331,50666.3938
2258.0,4392.946423,2295915.267,0.606038953,49671.2003
2259.0,4559.522702,2157677.241,0.573650086,50115.46159
2260.0,4677.696292,2313244.45,0.547675615,51603.2737
2261.0,5638.484,2706243.702,0.767744947,50886.03163
2262.0,5219.449301,2570397.339,0.850054447,49036.14093
2263.0,5229.532634,2625627.839,0.800101196,48662.29461
2264.0,4685.258944,2110023.204,0.622271058,50631.14625
2265.0,4337.215753,2287497.473,0.641507456,51461.03371
2266.0,4582.764395,2107228.958,0.612334077,50773.14492
2267.0,4551.954453,2084581.806,0.552716274,49380.28371
2268.0,4633.261405,2140967.117,0.625740663,51106.99558
2269.0,4511.390159,2303597.381,0.561268404,51278.13594
2270.0,4316.32254,2109983.021,0.628334198,50400.83467
2271.0,4331.364703,2232684.409,0.63861827,50262.23963
2272.0,4510.252064,2292504.605,0.575618644,50697.96863
2273.0,4486.642171,2133042.482,0.593258813,51796.71738
2274.0,4602.608373,2253012.519,0.56776092,50104.61369
2275.0,4520.741184,2103011.135,0.555999841,49736.26617
2276.0,4462.10892,2292959.27,0.554008842,51328.04486
2277.0,4271.57908,2201706.852,0.601038246,50680.67903
2278.0,4511.92454,2267020.233,0.616274022,51672.30642
2279.0,4307.108367,2146422.68,0.574463877,50265.40173
2280.0,5153.060854,2493991.047,0.733291498,49912.29963
2281.0,4596.561131,2263719.899,0.57373739,50455.94461
2282.0,4337.196561,2168254.574,0.618224023,49830.34273
2283.0,5381.42656,2646301.035,0.712161477,49824.24542
2284.0,5248.584067,2619607.505,0.741483703,48751.66556
2285.0,4575.574899,2143079.514,0.612292074,49616.04281
2286.0,4670.48464,2191532.762,0.619787808,50548.32314
2287.0,4587.549143,2270773.212,0.589855545,50489.86836
2288.0,4687.674069,2197408.374,0.607590075,50965.32565
2289.0,4690.368594,2269688.459,0.609765381,50020.29147
2290.0,5210.617253,2526103.215,0.860850965,49107.58541
2290.8,4416.45254,2093419.242,0.66573631,50213.54323
2291.0,4680.798106,2091757.868,0.658975849,50172.79518
2292.0,4270.335014,2279690.392,0.661783876,51604.54277
2293.0,4526.268843,2123858.341,0.588121452,50182.09487
2294.0,4358.941201,2200059.003,0.677129773,49633.87651
2295.0,4310.671654,2282280.764,0.671183734,51527.6626
2296.0,4475.704185,2194118.329,0.615670328,51092.57244
2297.0,4627.317608,2151355.005,0.650237611,51865.44467
2298.0,4318.925862,2141672.562,0.592554563,50688.74096
2299.0,4233.254,2158585.731,0.686953253,51298.82837
2300.0,4537.293926,2146666.11,0.69362924,50985.70137
2301.0,4276.839329,2181967.284,0.613375378,51264.16784
2302.0,4425.622498,2085981.475,0.607997624,49498.37382
2303.0,4624.521017,2208020.852,0.661996997,50872.71558
2304.0,4612.250328,2168846.003,0.621932713,51096.29767
2305.0,4456.030039,2164267.507,0.713187336,51458.37282
2306.0,4517.423021,2190515.654,0.697054132,50085.10284
2307.0,4299.458896,2082254.885,0.692403278,50518.25052
2308.0,4623.788588,2127033.625,0.715453326,51164.36918
2309.0,4685.549722,2184383.104,0.701278556,50400.79401
2310.0,4463.411752,2096871.994,0.695599346,51353.20885
2311.0,4655.807051,2109549.344,0.675924571,49834.06832
2312.0,4529.25889,2225387.048,0.785085721,50158.98915
2313.0,4245.645929,2154823.021,0.762109844,51852.47305
2314.0,4273.67086,2246532.932,0.796376542,50902.8743
2315.0,4462.702242,2186526.974,0.798397743,49925.50128
2316.0,4461.21447,2270181.47,0.790155042,49722.45005
2317.0,4288.032681,2182657.826,0.861831353,51724.64663
2318.0,4488.438196,2220158.417,0.754507097,50018.61097
2319.0,4689.657005,2113170.52,0.805957554,49638.01579
2320.0,4377.652929,2214594.642,0.853620548,51267.7437
2321.0,4504.605428,2135350.287,0.956329522,50716.53108
2322.0,0.0,0.0,0.0,50562.72874
2323.0,0.0,0.0,0.0,51770.44947
2324.0,0.0,0.0,0.0,52824.98393
2325.0,4601.411409,2304476.494,0.750432528,52603.39467
2326.0,4694.571307,2215858.1,0.927205942,50422.97894
2327.0,4362.810478,2230041.598,0.883840996,52116.32535
2328.0,4388.897559,2125235.434,1.004117827,50997.91423
2329.0,4368.214185,2082572.677,0.942127695,51673.84905
2330.0,4401.078863,2252381.735,0.982532843,50210.28528
2331.0,4496.1647,2221887.976,1.008203239,52140.08283
2332.0,4431.452082,2207550.723,1.119115876,50791.10515
2333.0,4718.72026,2200231.064,1.174789087,50414.61658
2334.0,4493.873916,2191013.123,1.187521066,50589.36181
2335.0,4685.037656,2275705.297,1.21462723,50086.92905
2336.0,4460.368661,2305626.682,1.233747685,51028.00487
2337.0,4592.250381,2189366.31,1.383704955,49764.60849
2338.0,4413.117996,2296750.247,1.351880221,50209.70613
2339.0,5271.512983,2641605.384,1.671442246,50378.34382
2340.0,4303.718469,2276621.925,1.472535562,49461.52714
2341.0,4663.643745,2091074.676,1.582130736,49955.58967
2342.0,4634.485895,2151140.475,1.510297583,49955.57778
2343.0,4423.109651,2312778.174,1.683214679,49682.65084
2344.0,4251.858065,2228328.031,1.648716375,51117.25895
2345.0,4341.698425,2235443.843,1.574884628,49927.47848
2346.0,4587.137796,2301177.238,1.754113499,50049.66717
2347.0,4280.331828,2269219.278,1.636170155,50818.20406
2348.0,4649.143682,2112173.643,1.719676382,49629.19804
2349.0,4706.825774,2263635.895,1.86588641,51887.74471
2350.0,4735.733348,2139509.455,1.975130345,51230.20089
2351.0,4598.862968,2124090.75,1.997945974,51100.76148
2352.0,4738.734685,2118963.012,2.014661112,51232.7049
2353.0,4673.364499,2308873.514,2.035009544,50513.5422
2354.0,4452.431928,2219902.091,2.14419786,50660.5053
2355.0,4691.174941,2144279.944,2.169613263,51667.38898
2356.0,4589.8395,2101235.263,2.078445429,51794.95838
2357.0,4287.906492,2134433.412,2.191763784,51980.92878
2358.0,4539.32473,2115052.928,2.155780567,49748.79716
2359.0,4495.71251,2208582.02,2.409788857,50288.24737
2360.0,4504.046761,2287520.325,2.244976058,50853.8743
2361.0,4497.956833,2275566.917,2.570330658,51308.00654
2362.0,4735.160643,2288997.235,2.514757277,49852.9492
2363.0,4689.253978,2313369.52,2.455369462,50944.38212
2364.0,4504.055761,2146445.875,2.528562608,49822.94495
2365.0,4318.399188,2093162.738,2.523966652,51363.96357
2366.0,4666.996974,2144198.778,2.784131917,51265.80703
2367.0,4419.518341,2153503.266,2.838521405,51413.15181
2368.0,4493.972162,2261455.71,2.957892297,50820.06196
2369.0,4295.229816,2120007.414,2.906490898,50796.61491
2370.0,4486.459402,2187051.594,2.854782402,50479.07704
2371.0,4283.90875,2090055.206,2.947095975,50712.89366
2372.0,4527.946058,2259724.024,3.018830923,51616.75665
2373.0,4380.957997,2143193.287,3.022207583,51903.17552
2374.0,4357.097999,2303704.118,2.938509809,51078.88291
2375.0,4648.390111,2113452.252,3.071478771,51602.09831
2376.0,4276.426202,2223703.957,3.351849762,50452.92304
2377.0,4503.930418,2105430.898,3.345677573,50698.44937
2378.0,4359.825809,2160117.536,3.373355011,51938.27541
2379.0,4382.249734,2254520.867,3.398730106,51664.85409
2380.0,4629.104313,2295557.885,3.183081279,51354.50571
2381.0,4382.042421,2204454.106,3.462229668,50925.45684
2382.0,4467.787049,2271400.239,3.52110301,49856.06036
2383.0,4478.294986,2225519.355,3.547240597,51411.43018
2384.0,4552.348554,2251237.347,3.532721513,49831.80773
2385.0,4513.464316,2280855.115,3.829636102,49515.01707
2386.0,4322.811217,2216803.808,3.632541296,51613.35993
2387.0,4357.818258,2130274.805,3.978159881,51060.86022
2388.0,4551.654821,2087191.546,4.057398417,50093.4979
2389.0,4274.978782,2202328.741,4.242040068,49558.60324
2390.0,4283.361824,2202860.529,4.069008729,50470.92566
2391.0,4697.362738,2243421.852,3.837505335,49986.69133
2392.0,4483.443159,2150111.89,4.006623818,50043.8883
2393.0,4625.02107,2224570.412,4.182756656,51128.91055
2394.0,4592.459559,2147004.655,4.34926475,51541.59262
2395.0,5438.34119,2746075.568,5.275933382,48956.03117
2395.4,4530.280138,2174577.272,4.34016948,49827.08462
2396.0,4341.51553,2183155.735,4.322386092,50447.56531
2397.0,4624.807875,2137310.226,4.172481978,50239.11205
2398.0,4273.519376,2179875.807,4.157650073,51309.52296
2399.0,4326.895051,2159463.086,4.812227795,51231.43583
2400.0,4656.014484,2242288.604,4.244370153,50224.17918
2401.0,4447.176701,2173691.047,4.422779341,50795.86791
2402.0,4585.14255,2149906.668,4.701727653,49548.30868
2403.0,4237.892535,2083340.418,5.087845049,49497.80913
2404.0,4526.575219,2233879.421,4.46922626,49961.20504
2405.0,4323.961267,2253904.72,4.484884309,50480.65081
2406.0,4485.23874,2261550.971,4.665100437,50256.18033
2407.0,4397.468275,2156519.287,5.318513291,51006.26052
2407.4,4562.9254,2243727.509,4.872566217,49451.57122
2408.0,4296.956958,2104914.077,5.262220354,50320.37945
2409.0,4341.396423,2316758.007,5.002568677,50808.91727
2410.0,4425.917047,2157240.088,5.337244408,51530.93413
2411.0,4449.793197,2208815.574,5.256996023,50582.77326
2412.0,4450.977728,2091239.793,4.940804431,51660.81032
2413.0,4718.490384,2201819.626,4.981251923,51515.01151
2414.0,4346.356221,2171524.166,5.214089801,50347.31811
2415.0,4636.607683,2284608.227,5.762810272,51230.6807
2416.0,4598.111466,2266175.977,5.010540054,50749.39668
2417.0,4433.229311,2194036.292,5.898352261,51699.35632
2418.0,5180.61552,2764363.076,6.549072039,49687.27317
2419.0,6148.119546,3148699.008,8.38521594,49943.08797
2420.0,6243.896495,3238844.237,8.645277375,49024.88586
2421.0,4995.939506,2522193.804,7.267303852,50114.17181
2422.0,5509.066207,2498222.205,7.564247721,49234.26733
2423.0,4301.380788,2207065.56,5.966953159,50673.48757
2424.0,4598.015862,2240138.709,6.470009085,50444.15207
2425.0,4468.027681,2138820.1,5.886466672,49951.11996
2426.0,4671.684587,2116590.791,6.642490533,50115.91189
2427.0,4237.878174,2294568.864,6.280319996,50023.6709
2428.0,4679.304007,2080707.328,6.246366755,50625.62203
2429.0,4529.155261,2268444.951,6.02016433,50336.17801
2430.0,4349.681815,2143544.934,6.805312324,50778.2073
2431.0,4262.605604,2244249.416,6.166116365,49703.50642
2432.0,4878.252914,2426365.359,7.098161019,49161.67404
2433.0,5041.43071,2437277.132,6.956831012,49582.44178
2434.0,4694.867049,2286065.814,6.696411961,49793.83911
2435.0,4408.71714,2202560.833,6.404683552,51367.81643
2436.0,4294.266973,2088213.504,6.6084309,51029.21914
2437.0,4321.213709,2103826.244,6.393456832,49528.8078
2438.0,4601.106511,2183793.711,6.426127132,51211.45985
2439.0,4236.143326,2258827.93,7.121930993,51277.86558
2440.0,4434.239417,2221558.169,6.474185392,49661.92749
2441.0,4713.164387,2279266.535,7.031118593,49765.11476
2442.0,4494.952396,2297146.627,6.751240698,50879.60958
2443.0,4685.938257,2192677.139,7.718905468,51548.75116
2444.0,4525.594708,2164287.838,7.017648975,50170.06588
2445.0,4476.242937,2312566.192,7.674454607,49504.1587
2446.0,4341.561188,2120309.405,7.114770319,51698.72843
2447.0,4545.195802,2150620.699,7.277153022,49677.04797
2448.0,4465.270669,2257740.262,7.28972435,49552.15565
2449.0,4554.855129,2281587.675,7.547197315,49612.09133
2450.0,4612.347997,2242245.937,8.097113817,50183.63422
2451.0,4610.122219,2257901.269,7.065531285,50349.90401
2452.0,4395.014277,2213780.041,8.089939262,49856.83506
2453.0,4620.171009,2223550.506,8.176237002,50002.84122
2454.0,5192.992052,2592428.324,9.17157713,50782.16711
2455.0,5299.249429,2598610.525,9.039988321,48438.69767
2456.0,5689.473366,2602635.64,9.740494504,49911.30939
2457.0,5698.52272,2749626.243,10.12405952,49906.2734
2457.8,5731.701799,2700003.408,9.835223057,49469.40346
2458.0,5575.811577,2690171.536,9.393138542,50646.54261
2459.0,5690.938517,2758245.831,10.65589581,49932.1396
2460.0,5161.264086,2576623.032,9.766355071,50382.65431
2461.0,5611.543575,2571965.407,9.922553214,50188.10286
2462.0,5488.141875,2589086.777,11.1300778,48721.3003
2463.0,4417.091367,2184778.877,9.349853758,50868.30316
2464.0,4459.107882,2153202.873,8.743992205,49185.54411
2465.0,4613.403213,2124507.409,8.206788581,49644.4228
2466.0,4447.437704,2322730.056,8.639305495,50610.24156
2467.0,4579.923799,2288652.367,9.452419678,50965.521
2468.0,4295.380397,2172104.325,8.286466404,50764.78225
2469.0,4562.504549,2207674.903,9.035865474,50287.32671
2470.0,4595.354578,2291971.497,9.066656028,49655.85096
2471.0,4619.591604,2160439.662,9.576954214,50970.06871
2472.0,4582.078508,2325704.182,8.744452999,51106.96425
2473.0,4250.361001,2237977.531,8.581185329,49664.21075
2474.0,4504.970393,2252825.031,9.242452782,51327.93348
2475.0,4603.23817,2270190.879,9.601716627,51138.67113
2476.0,4648.514144,2119005.432,9.597222961,50546.86313
2477.0,4456.016127,2311818.663,8.814500389,51117.44979
2478.0,4615.087986,2240076.96,9.264660473,51381.53348
2479.0,4416.481545,2112920.692,9.532979,50821.14997
2480.0,4368.159501,2224274.533,9.094209359,51515.12668
2481.0,4684.190445,2288659.706,9.612987696,49653.95703
2482.0,4341.955375,2290308.407,9.772750231,49518.23184
2483.0,4426.518127,2145676.574,9.407258292,49651.35041
2484.0,4644.866312,2282897.806,9.2232014,50444.85577
2485.0,4465.270032,2234692.641,9.293718736,49429.32363
2486.0,4595.970059,2308406.185,10.39278141,49273.23761
2487.0,4610.861524,2204472.679,9.759534579,50661.04225
2488.0,4567.972876,2120577.428,9.585518828,49305.99278
2489.0,4241.356488,2183621.513,10.77590367,51235.40405
2490.0,4723.216105,2121490.344,10.08051681,51148.35055
2491.0,4673.69847,2202627.69,10.55204507,49761.45697
2492.0,4631.312883,2286280.314,10.00837225,50001.4223
2493.0,4452.087143,2327884.348,10.45007506,50265.08056
2494.0,4307.959041,2104845.171,10.08008181,51174.28235
2495.0,4376.022674,2279073.361,10.06628901,50034.58031
2496.0,4310.220607,2222650.366,9.885108873,49247.62727
2497.0,4708.905788,2301678.651,10.99488135,49351.8354
2498.0,4240.252673,2300585.97,11.57427944,51003.95411
2499.0,4610.723437,2288945.679,11.45286062,51073.24197
2500.0,4340.515744,2281482.911,10.29511067,50320.32465
2501.0,4668.155975,2326711.621,10.78805229,50636.18766
2502.0,4640.521364,2304696.057,10.55963419,50623.40806
2503.0,4532.727952,2301225.521,11.43523224,49389.53275
2504.0,4520.441093,2284398.071,11.65605429,51256.11018
2505.0,4527.186432,2290375.833,10.88669898,50160.6732
2506.0,4428.136017,2189956.039,11.91260843,51570.36791
2507.0,4641.589363,2327953.475,11.06225725,50871.81128
2508.0,5242.38933,2572477.712,14.18871667,49483.04182
2508.4,5252.142488,2742906.662,13.33234264,50549.76359
2509.0,5588.546049,2783040.799,14.32687378,50295.73965
2510.0,5225.656696,2765494.586,13.9808516,50465.32766
2511.0,5498.823501,2714274.227,13.97863762,49653.59271
2512.0,5676.700794,2648773.449,15.39059095,49390.87242
2513.0,5572.173789,2685644.876,14.84458715,48467.18744
2514.0,4679.698701,2275376.173,13.24203101,50055.51537
2515.0,4338.586221,2143753.585,13.2099871,50112.05307
2516.0,4717.518429,2110365.341,12.3304603,50637.29938
2517.0,4218.872892,2110074.618,13.21151832,49578.48183
2518.0,4456.378841,2114310.125,11.95975823,51408.44018
2519.0,4409.077868,2118798.735,13.00073886,50314.68068
2520.0,4309.904922,2200392.812,13.23939386,49274.78915
2521.0,4367.439361,2127780.231,12.75881501,50838.65007
2522.0,4546.268146,2216408.948,12.63988051,50448.35108
2523.0,4284.764146,2260248.126,13.10258443,50822.99609
2524.0,4243.458179,2182160.753,11.88414235,50846.8411
2525.0,4260.085927,2323463.431,12.94484364,50054.36245
2526.0,4703.691589,2140127.587,13.64655377,50303.94604
2527.0,4615.33587,2226043.096,12.67383181,50963.29029
2528.0,4572.071826,2236635.35,12.47221286,51541.25209
2529.0,4450.822017,2285062.496,12.67719169,49927.62325
2530.0,4329.598119,2159408.403,12.93221142,49520.48593
2531.0,4598.068575,2258005.4,13.19013126,51311.7819
2532.0,4479.326878,2148212.767,12.28798127,50239.29071
2533.0,4224.517843,2321658.434,12.93778604,50660.77435
2534.0,4662.781753,2120621.819,13.52627476,50742.41642
2535.0,4626.948241,2106904.429,14.16741949,49753.50387
2536.0,4649.082687,2156064.99,13.70086931,51415.70392
2537.0,4649.756828,2223723.025,13.77303031,50381.18853
2538.0,4231.41796,2183004.711,13.22594906,50284.56086
2539.0,4624.803544,2332508.379,13.87806483,50235.06843
2540.0,4670.825674,2255970.534,13.73645141,51324.33536
2541.0,0.0,0.0,0.0,50051.89291
2542.0,0.0,0.0,0.0,50490.44562
2543.0,4795.164626,2336366.262,13.88695244,52407.44761
2544.0,4713.79957,2341795.603,12.54314493,51734.6191
2545.0,4607.311646,2287459.193,13.01420792,50266.95296
2546.0,4361.110702,2294528.875,13.64927968,49814.91468
2547.0,4507.409257,2131050.37,13.69928523,51395.7538
2548.0,4256.426358,2297460.012,13.62880118,50149.57099
2549.0,4317.53238,2312773.127,14.13299491,49769.67878
2550.0,4696.583489,2194008.072,14.81118957,51508.79094
2551.0,4671.783537,2314828.219,13.61003861,50643.37683
2552.0,4530.092401,2274778.684,14.81972173,50937.8705
2553.0,4605.381573,2111963.038,15.01854556,49875.37117
2554.0,4475.819959,2144993.56,13.98918646,51827.52925
2555.0,4517.544109,2205773.705,13.43809269,51371.74555
2556.0,4695.132498,2188025.245,14.71843976,49634.27256
2557.0,4506.714294,2247554.444,15.2378397,50384.60023
2558.0,4222.703261,2263373.832,15.04017093,51023.3177
2559.0,4575.779335,2202318.321,15.60647642,51634.94282
2560.0,4312.117514,2165841.704,15.3769828,51236.44376
2561.0,4459.833531,2155487.328,15.02852867,51494.39997
2562.0,4305.61214,2143187.682,14.34811213,49656.76435
2563.0,5281.345779,2585824.825,17.94018816,49169.68375
2564.0,4312.33482,2222311.803,15.48906712,50098.70054
2565.0,4594.388276,2214634.625,14.25660641,51655.12665
2566.0,4351.729918,2322652.396,15.35754409,50258.55601
2567.0,5385.921414,2574576.438,17.06081871,49181.00006
2568.0,5294.798578,2594681.834,17.40441117,48792.06599
2569.0,5434.55401,2796370.233,18.71029293,49069.34496
2570.0,5426.01099,2811820.394,18.62782854,49531.13019
2571.0,5522.783175,2610438.627,19.72052494,49666.58974
2572.0,4650.65219,2325270.103,16.68839086,49407.1071
2573.0,4304.621545,2257116.546,16.60937766,50790.23883
2574.0,4517.051327,2180886.511,16.2789257,49591.32313
2575.0,4421.862332,2219570.899,16.62107587,50053.92606
2576.0,4226.204133,2285723.794,15.13931163,50569.23783
2577.0,4288.420204,2196445.09,16.69258105,49572.00564
2578.0,4338.921784,2254623.484,16.16418794,51359.1235
2579.0,4217.900176,2308426.933,15.96951344,50299.67625
2580.0,4414.786328,2128018.207,15.01096312,50050.81457
2581.0,4232.998116,2287153.083,16.96554862,51369.02218
2582.0,4464.715785,2282352.76,15.92931826,49972.87613
2583.0,4585.360239,2314976.245,16.71146179,49902.81046
2584.0,4287.41544,2208174.526,17.40974439,51894.58
2585.0,4507.965283,2304363.108,15.53455174,50996.88801
2586.0,4579.038952,2160631.298,16.0525633,49924.49561
2587.0,4381.927646,2272929.473,17.43648285,50878.78117
2588.0,4670.122594,2111892.211,16.73822039,50775.77564
2589.0,4539.015807,2106928.83,16.2215423,51257.45477
2590.0,4549.885491,2218583.24,17.90511999,49530.89154
2591.0,4382.419552,2293088.215,17.56509558,51469.7437
2592.0,4463.316476,2163639.044,16.69266037,49745.23748
2593.0,4264.93243,2187956.79,18.12256095,51328.5021
2594.0,4181.193654,2144967.329,16.51695993,49707.48683
2595.0,4366.711756,2163253.442,16.42872662,50239.21642
2596.0,4586.962975,2109207.183,17.66993162,50395.14927
2597.0,4447.33024,2166850.058,16.01141461,50846.82507
2598.0,4271.499239,2236363.921,16.92904478,51468.90759
2599.0,4350.670916,2305207.726,17.19282746,50293.23808
2600.0,4431.176246,2312429.219,17.37071517,50338.31302
2601.0,4434.745527,2315992.457,18.38343222,51922.11531
2602.0,4629.192127,2178652.248,17.13630908,50384.55763
2603.0,4188.07006,2266824.966,18.5856523,50855.98134
2604.0,4385.795225,2329154.411,16.41166208,51828.40777
2605.0,4533.97035,2259188.124,17.61831534,51663.72694
2606.0,4267.703726,2335544.161,16.52906569,51899.9054
2607.0,4635.157295,2113962.895,17.69518032,51097.68882
2608.0,4434.755715,2292100.131,17.14777629,50494.37569
2609.0,4312.685158,2209636.842,17.58155022,50878.29777
2610.0,4609.139772,2178465.296,17.29473551,50568.97268
2611.0,4368.966089,2314099.182,16.98115254,51285.67249
2612.0,5095.757297,2512754.96,20.34018866,51358.31208
2612.7,4506.347396,2309921.454,18.59519386,49521.93727
2613.0,4491.988567,2129248.164,19.51080966,50090.91039
2614.0,4196.898871,2211922.692,17.1997886,51619.1533
2615.0,4639.165609,2231674.688,19.21200316,50175.18585
2616.0,0.0,0.0,0.0,52339.5099
2617.0,0.0,0.0,0.0,51697.95129
2618.0,0.0,0.0,0.0,52086.10101
2619.0,0.0,0.0,0.0,50865.95818
2620.0,4485.389426,2289334.717,17.73246117,51721.90837
2621.0,4301.6899,2371083.247,18.65379613,50185.91983
2622.0,4325.093047,2335139.785,18.36732919,50006.56156
2623.0,4597.299878,2201017.715,17.12928729,50966.60963
2624.0,4551.560777,2171900.904,17.94671868,52119.6107
2625.0,4225.819815,2262274.763,18.65431488,50983.3895
2626.0,4609.449752,2286899.18,19.05730171,51223.4989
2627.0,4624.192752,2332310.936,18.15601228,50655.19048
2628.0,4344.378393,2179784.572,19.75809485,51012.41703
2629.0,4448.207162,2179456.199,18.43085491,49893.67269
2630.0,4309.101651,2312962.457,19.41327565,51815.20516
2631.0,4538.212903,2292830.466,19.91209647,51020.64249
2632.0,4631.074999,2366798.811,18.03675872,51855.76098
2633.0,4543.99669,2354497.114,18.57192498,51168.21857
2634.0,4264.502451,2134572.617,20.42171927,49946.18558
2635.0,5286.411178,2613601.726,24.10562537,50113.72695
2636.0,5106.66138,2717588.771,23.63630915,49609.76124
2637.0,5453.51083,2770516.607,24.2330857,50273.40897
2638.0,5428.867122,2671414.895,25.10438897,50260.43702
2639.0,4303.319051,2222298.61,19.6928169,50294.07076
2640.0,4369.947786,2294442.608,21.06911969,50896.62208
2641.0,4679.650343,2216368.349,20.96776005,51821.18337
2642.0,4579.536528,2255333.122,20.57403326,50552.61013
2643.0,4408.234539,2308259.77,20.03485074,52145.63362
2644.0,4209.361802,2362280.553,20.81565833,50194.66927
2645.0,4600.80296,2162391.91,20.07752361,51621.99608
2646.0,4366.521641,2173848.422,18.93399457,50441.52553
2647.0,4476.301835,2153954.551,21.47771439,50349.30465
2648.0,4928.787682,2659008.169,22.59816488,50719.69647
2649.0,5231.929606,2514638.191,21.54216452,50955.9235
2650.0,4882.588389,2438264.116,22.90518421,50934.45283
2651.0,4913.852164,2504738.484,23.10507253,49737.6248
2652.0,5054.4746,2551246.407,21.98152069,51526.25205
2653.0,4502.178165,2279531.756,20.61991253,51584.92258
2654.0,4461.220002,2196222.655,22.32306884,51070.5342
2655.0,4535.769,2267804.462,19.8358478,52153.82004
2656.0,4504.597911,2247663.949,22.27714927,52185.48009
2657.0,4636.42429,2204506.606,22.14189402,51455.59144
2658.0,4438.51483,2153716.79,20.3508608,51918.10768
2659.0,4226.667301,2144596.082,20.7372775,51484.95995
2660.0,4655.518125,2293250.065,20.65776614,52218.14203
2660.6,4638.338574,2217620.344,22.85649501,51353.05431
2661.0,4486.123814,2325079.544,21.00253323,50230.43997
2662.0,4251.324494,2338178.874,20.5926206,50871.78948
2663.0,4262.915328,2186955.398,21.84023945,51684.13737
2664.0,4496.194102,2307898.051,22.15616326,51533.37583
2665.0,4209.161529,2216405.479,22.95965938,51506.64955
2666.0,4325.982511,2313676.418,21.47093747,49892.24806
2667.0,4455.586328,2185437.152,22.64314838,51250.17699
2668.0,4672.824931,2352295.542,21.46062524,50807.65371
2669.0,4650.565308,2281803.72,22.54343662,50997.73483
2670.0,4567.688127,2231781.184,22.31140816,50222.30844
2671.0,4216.893497,2336011.167,21.20491849,50859.42417
2672.0,4550.104977,2156069.581,23.62393167,50199.88372
2673.0,4649.096499,2188977.985,22.82262626,51567.10903
2674.0,5189.10728,2536989.827,26.34208295,50514.24444
2675.0,5290.504294,2704685.77,24.59469044,49983.87037
2676.0,5272.013979,2746559.564,26.8004706,49424.95838
2677.0,4500.078303,2203962.234,24.0673475,51145.27525
2678.0,4578.675817,2301799.109,23.5382488,51413.66207
2679.0,4323.92695,2237767.515,21.48468598,51734.03229
2680.0,4340.514984,2226586.432,23.18407118,50268.13719
2681.0,4352.28074,2307092.173,22.05415235,50407.3938
2682.0,4279.865189,2284367.998,23.6647875,51206.98301
2683.0,5199.717297,2635133.554,29.4458915,49626.32327
2684.0,5449.168178,2674158.014,27.24750329,48900.59733
2685.0,5656.728231,2709463.98,29.36435509,50749.40068
2686.0,5244.875485,2797671.926,28.63444699,50518.33303
2687.0,5605.129729,2835639.112,28.07867452,49242.7579
2688.0,6260.270178,3389262.253,34.58604892,48579.83098
2689.0,5155.055211,2721938.506,28.79209369,48762.43273
2690.0,5258.080368,2601364.985,28.92234224,49009.53415
2691.0,4295.541905,2161006.609,25.33192878,50426.00716
2692.0,4546.771809,2253429.305,23.47103081,51437.33243
2693.0,4605.160678,2217391.272,24.15378036,50310.38314
2694.0,4659.767621,2160730.695,24.43323122,51440.329
2695.0,4235.388071,2221270.626,24.16694713,50493.52218
2696.0,4475.79293,2194570.913,23.26823014,50641.56806
2697.0,4312.616071,2362641.869,22.87129554,51988.04492
2698.0,4419.78672,2149241.528,24.20097812,51562.96059
2699.0,4421.982849,2239814.534,24.36778685,50965.79477
2700.0,4550.128755,2254223.257,25.77686327,50300.84579
2701.0,4398.247113,2153940.927,24.27637364,51801.40706
2702.0,4262.573874,2157827.761,23.70099461,49922.18001
2703.0,4383.872816,2194441.863,23.69419078,50734.63248
2704.0,4412.49459,2214793.951,24.93221873,50350.225
2705.0,4255.235418,2227717.827,25.61567543,50188.80496
2706.0,4253.150915,2325356.356,23.5119468,51314.00454
2707.0,4503.752279,2298732.896,24.46702289,50155.6566
2708.0,4308.029213,2255206.635,26.14215413,50580.54857
2709.0,4460.956276,2242048.285,24.57489843,51488.61178
2710.0,4263.833496,2213717.92,26.1552472,49916.34843
2711.0,4437.764553,2170824.54,26.57479997,51237.47008
2712.0,4222.644437,2300440.445,26.94705023,51304.40739
2713.0,4503.177145,2157217.322,26.08934965,51477.49645
2714.0,4269.862925,2355083.922,27.10762833,50063.04254
2715.0,4271.01874,2167529.297,24.85243027,50273.76183
2716.0,4603.8058,2186581.212,27.08808953,51618.93649
2717.0,4599.56409,2257918.236,26.01541998,51456.94562
2718.0,4585.11418,2206057.958,25.23192999,51001.09353
2719.0,4344.084306,2199400.961,24.95913022,51114.9309
2720.0,4265.017205,2280968.533,27.55971454,51079.00894
2721.0,4208.424534,2243475.312,24.80227768,52253.90559
2722.0,4249.922855,2286954.424,25.07342329,50590.84734
2723.0,4290.416866,2199286.165,25.93615561,50684.53434
2724.0,4532.210459,2213406.733,27.79339645,52195.7189
2725.0,4315.538565,2233721.718,27.13141028,50674.34731
2726.0,4292.203839,2290349.441,27.8860867,51380.2493
2727.0,5394.390958,2603996.055,32.36209373,50838.71543
2727.5,4549.480817,2349661.386,28.00240874,49875.71975
2728.0,4610.249517,2199870.051,27.35932309,49973.03537
2729.0,4261.749326,2186940.14,25.26448327,51202.69075
2730.0,4611.466755,2125345.94,25.72090928,52090.17314
2731.0,4281.324823,2222531.77,27.00013822,50839.42013
2732.0,4494.23227,2185434.135,28.66634389,51443.39515
2733.0,4177.679529,2176398.416,26.45136186,50349.63858
2733.6,4507.331879,2181925.592,27.02947467,50108.41792
2734.0,4513.3796,2315625.723,27.70368277,50009.17467
2735.0,4301.068733,2272968.479,27.14187359,51965.70506
2736.0,4202.184195,2325574.839,28.517297,52183.70721
2737.0,4524.703221,2350942.652,29.03615185,49978.91804
2738.0,4371.253092,2218178.347,26.56890024,51336.99682
2739.0,4323.622021,2151946.965,25.91043478,50447.95749
2740.0,4318.275777,2244146.135,27.84505018,51113.2312
2741.0,4140.379561,2202364.396,27.04834271,50806.72186
2742.0,4401.29466,2264345.547,28.32713502,51295.85643
2743.0,4228.454686,2175951.683,26.5222274,50703.96847
2744.0,4244.549932,2129318.417,26.2915378,49942.02959
2745.0,4374.852233,2213929.159,27.18084825,51155.81746
2746.0,4243.147893,2154973.256,28.80946219,51378.42437
2747.0,4647.702435,2544154.428,32.89689326,50240.87905
2747.6,4411.39098,2206484.631,30.08783846,51486.22365
2748.0,4502.03549,2217391.179,27.93064094,50975.00804
2749.0,4465.766201,2259993.314,26.89196984,50111.48158
2750.0,5205.902673,2667734.667,30.97634745,50040.67938
2750.5,4550.278921,2327410.536,30.89199453,51147.57662
2751.0,4453.889887,2261577.169,29.90717695,50796.93163
2751.7,4536.037914,2128723.599,29.01878989,51096.21722
2752.0,4393.414309,2304919.764,28.44156751,50243.09681
2753.0,4165.967055,2192478.827,27.89792655,50727.99954
2754.0,4456.589421,2135293.107,28.78095203,51466.68108
2755.0,4222.996713,2264419.042,29.12165725,51519.50776
2756.0,4380.180072,2310395.459,27.54378612,51067.4115
2757.0,4594.868738,2234266.849,27.28974544,52112.1944
2758.0,4429.950452,2349741.818,30.69440861,49964.5013
2759.0,4305.205965,2291554.207,29.15100436,52216.19591
2760.0,4236.358757,2171750.924,31.28846538,50915.45196
2761.0,4594.393319,2325754.688,27.99410415,51318.11733
2762.0,4367.905172,2317268.203,30.08526646,52329.11091
2763.0,4188.544556,2296624.06,30.62505607,51636.88733
2764.0,4468.433797,2230501.773,31.32161927,52329.57432
2765.0,4414.722707,2323494.242,29.31020712,50675.46379
2766.0,4414.809855,2302970.859,30.48835002,52024.71958
2767.0,5165.384286,2765729.762,32.6685892,51842.29447
2768.0,5270.979379,2518862.61,34.28294479,50965.22813
2769.0,4488.954016,2356292.365,31.98588377,49852.91747
2770.0,4413.523942,2285986.39,32.54527988,50801.71719
2771.0,4540.512032,2293046.577,31.27328835,51761.33085
2772.0,4190.91958,2326996.123,29.76258581,50995.73001
2773.0,4294.348984,2182648.168,31.31511168,52003.94864
2774.0,4450.215167,2196618.262,31.84564234,51989.50053
2775.0,4461.462202,2313670.09,31.89539113,51984.35926
2775.8,4508.587504,2124178.811,31.69307225,50672.4308
2776.0,4365.305274,2157032.914,30.74244321,51938.25376
2777.0,4396.111496,2317922.197,30.58075781,50516.49358
2778.0,4551.875935,2156746.0,32.24220596,51122.96653
2779.0,4514.542469,2289815.634,33.08566849,50978.76646
2780.0,5373.820387,2652883.674,39.43300926,50478.01557
2781.0,5136.662631,2669073.907,40.38828965,49931.97684
2782.0,5094.513369,2728275.435,39.72571633,48952.3694
2782.1,5538.114906,2696834.296,39.9250758,50708.67554
2783.0,5160.036223,2836220.466,40.6797109,50594.81018
2784.0,5193.37089,2678675.575,39.42549961,50775.05638
2785.0,5278.614248,2865611.453,37.84731641,50315.16944
2786.0,4273.682608,2311472.595,32.00083576,50114.32358
2787.0,4426.266176,2251103.801,33.46442238,50719.65801
2788.0,4186.797036,2255422.632,30.94636857,49810.77114
2789.0,4435.121925,2249814.598,33.81252891,50485.30875
2790.0,4433.022123,2226223.064,34.52592492,52039.79664
2791.0,4312.233289,2224055.062,34.60080271,51971.10877
2792.0,4394.231418,2288742.933,31.7893059,50077.9504
2793.0,4338.663864,2345435.379,33.38271468,50366.56589
2794.0,4233.987586,2208614.184,31.24696834,51230.93606
2795.0,4240.16248,2194006.941,34.12890526,51756.03353
2796.0,4381.64748,2259349.901,33.40853602,51120.31967
2797.0,4563.861391,2342469.27,34.77436512,52094.94237
2798.0,4566.205501,2241981.135,34.95473286,49974.28153
2799.0,4361.473681,2334401.56,31.46014767,51444.87165
2800.0,4401.037432,2326826.085,32.05346263,50990.66639
2801.0,4386.781658,2257759.717,32.01917532,52035.7085
2802.0,4355.328521,2133145.202,34.94062765,50323.41379
2803.0,4249.686456,2153231.862,34.63828173,50948.31735
2804.0,4247.713194,2353801.164,35.09741831,49996.67438
2805.0,4234.140584,2263890.688,35.4509651,50418.97081
2806.0,4553.720839,2184797.632,34.41637586,51842.70914
2807.0,4288.770445,2148342.936,32.61544972,52130.28147
2808.0,4509.191457,2183446.317,34.51651655,51837.86653
2809.0,5035.305502,2719305.356,41.29593574,50132.46891
2810.0,5272.293748,2673847.285,40.48333409,49193.81229
2811.0,5530.058909,2734789.926,40.38684761,50421.74818
2812.0,5390.822034,2822842.432,40.08244353,49892.44047
2813.0,5257.247414,2796774.804,42.14795089,50862.74637
2814.0,4599.0973,2278646.137,35.06299775,51226.85255
2815.0,4325.364309,2296451.142,36.74222813,51027.3436
2816.0,4340.284997,2276303.076,36.57367454,50708.75702
2817.0,4539.270109,2169448.354,35.18311872,51752.84257
2818.0,4452.825682,2304997.553,36.42732189,51452.57878
2819.0,4324.563348,2223971.565,36.17804071,49942.1659
2820.0,4491.92107,2240239.971,35.39965534,50715.42931
2821.0,4237.46011,2195625.16,33.30176133,50955.53758
2822.0,4363.882542,2146936.066,35.9117728,50992.86868
2823.0,4442.716197,2322346.377,37.10775686,51537.80044
2824.0,4585.711372,2232593.006,35.95929975,50345.16704
2825.0,4403.021105,2122632.914,33.84910234,51676.2904
2826.0,4238.282888,2349528.45,34.12013207,51359.48561
2827.0,5146.329155,2568243.279,39.2380768,51535.38093
2828.0,5012.626089,2467307.546,38.51799946,49682.40082
2829.0,4608.677555,2349526.114,35.19344346,50834.16371
2830.0,4430.350078,2220132.02,35.07852746,50812.76397
2831.0,4603.420263,2340622.355,33.50763468,51707.90313
2832.0,4354.257132,2170528.797,34.26184527,50255.75024
2833.0,4195.101449,2163898.727,36.01374051,51633.8993
2834.0,0.0,0.0,0.0,52016.81797
2835.0,0.0,0.0,0.0,52718.65742
2836.0,0.0,0.0,0.0,51019.85092
2837.0,0.0,0.0,0.0,50892.75359
2838.0,0.0,0.0,0.0,51614.13233
2839.0,4483.12311,2368561.16,34.29042949,51346.64977
2840.0,4540.597426,2192196.119,34.83285535,52106.37467
2841.0,4249.61936,2330011.63,33.68575739,50885.48273
2842.0,4414.765039,2141158.355,34.21511792,51795.66073
2842.5,4473.254071,2158152.7,37.2892429,50538.74484
2843.0,4514.716625,2260497.757,34.64201213,51697.7977
2844.0,4399.682457,2235318.946,33.47105051,51873.86494
2845.0,4163.280411,2352802.961,36.65719304,50216.82122
2846.0,4849.972401,2619124.341,39.46815546,50246.03242
2847.0,4906.03839,2454499.745,38.14130644,49907.1227
2848.0,4814.067262,2496446.722,41.33997877,51641.53329
2849.0,4704.255226,2482018.731,42.4843441,50903.82857
2850.0,4743.230485,2640679.825,41.83453335,49521.94161
2850.5,5023.679272,2584416.019,41.76924238,50916.05436
2851.0,4181.356618,2267435.16,35.01901222,49727.37345
2852.0,4379.268809,2335626.226,38.96430726,51651.23872
2853.0,4182.58345,2235374.467,37.03079403,50610.52739
2854.0,4181.871255,2248567.625,35.87726569,51500.28473
2855.0,4457.815194,2167682.299,38.51097017,50924.24586
2856.0,5322.656025,2812939.62,45.1533475,49265.6829
2857.0,4373.956205,2254084.762,39.09133086,49801.50527
2858.0,4179.29193,2341853.071,38.57988314,49792.15496
2859.0,4252.073534,2148824.542,39.18886703,50405.21895
2860.0,4618.807131,2178814.922,39.3840926,50940.99699
2861.0,4274.421473,2153585.747,36.79000585,51828.37628
2862.0,4188.520802,2345955.127,35.84363033,51426.06712
2863.0,4355.677878,2208489.027,38.09088386,49944.2914
2864.0,4262.096183,2308788.537,38.79792019,51779.57357
2865.0,4425.326054,2335471.909,36.12322875,51255.32053
2866.0,4231.65573,2311845.188,36.64083163,50507.3809
2867.0,4211.294785,2239980.864,39.45801044,50000.45109
2868.0,4357.020007,2192500.26,40.06669971,51164.55187
2869.0,4462.922746,2164934.625,38.77547947,51300.52623
2870.0,4457.134221,2311662.124,37.21659413,50293.4333
2871.0,4306.955739,2195631.683,38.59674678,52096.48269
2872.0,4613.637754,2252845.309,38.44818118,50950.90734
2873.0,4318.938486,2200666.663,36.88882785,50732.80808
2874.0,4417.652104,2234443.64,38.23027086,50753.40595
2875.0,4357.46253,2356920.635,40.22776195,49864.91764
2876.0,4548.080771,2336667.397,39.43567074,49893.68157
2877.0,4500.037525,2225768.81,39.59772382,50019.70404
2878.0,4475.960076,2187321.462,39.88787957,51578.71752
2879.0,4319.039679,2312886.97,40.26379627,51734.94845
2880.0,4085.477888,2269902.648,37.60933907,50091.38753
2881.0,4491.219214,2253517.267,37.18399871,52251.12531
2882.0,4467.125904,2176200.665,40.47540159,51327.59111
2883.0,4398.726338,2119224.154,36.2212657,49890.55229
2884.0,4244.404681,2331151.354,36.62860402,51651.63709
2885.0,4541.211885,2337046.143,36.73751283,51665.95964
2886.0,4435.565658,2339721.693,38.02147709,51046.43874
2887.0,4598.201693,2190494.278,37.25705188,50771.94911
2888.0,4175.909276,2329977.455,38.0620316,50796.0977
2889.0,4257.975095,2343553.655,37.97355116,51136.70773
2890.0,4334.62536,2347215.255,38.96021098,50740.32048
2891.0,4538.416531,2228508.386,40.08766492,50208.69927
